Date,Price,Open,High,Low,Vol.,Change %,decimal_change,lag_1_day,lag_3_day,lag_5_day
2025-03-31,"1,107.00","1,107.00","1,107.00","1,107.00",,0.18%,0.18,,,
2025-03-28,"1,105.00","1,105.00","1,105.00","1,105.00",,0.27%,0.27,0.18,,
2025-03-27,"1,102.00","1,102.00","1,102.00","1,102.00",,9.00%,9.0,0.27,,
2025-03-25,"1,011.00","1,011.00","1,011.00","1,011.00",,1.71%,1.71,9.0,0.18,
2025-03-24,994.00,994.00,994.00,994.00,,12.83%,12.83,1.71,0.27,
2025-03-06,881.00,881.00,881.00,881.00,,-0.23%,-0.23,12.83,9.0,0.18
2025-03-05,883.00,883.00,883.00,883.00,,-0.11%,-0.11,-0.23,1.71,0.27
2025-03-04,884.00,884.00,884.00,884.00,,0.34%,0.34,-0.11,12.83,9.0
2025-03-03,881.00,881.00,881.00,881.00,,-0.45%,-0.45,0.34,-0.23,1.71
2025-02-28,885.00,885.00,885.00,885.00,,0.57%,0.57,-0.45,-0.11,12.83
2025-02-27,880.00,880.00,880.00,880.00,,-0.23%,-0.23,0.57,0.34,-0.23
2025-02-26,882.00,882.00,882.00,882.00,,-0.68%,-0.68,-0.23,-0.45,-0.11
2025-02-25,888.00,888.00,888.00,888.00,,-1.33%,-1.33,-0.68,0.57,0.34
2025-02-24,900.00,900.00,900.00,900.00,,-1.21%,-1.21,-1.33,-0.23,-0.45
2025-02-21,911.00,911.00,911.00,911.00,,-0.98%,-0.98,-1.21,-0.68,0.57
2025-02-20,920.00,920.00,920.00,920.00,,-0.54%,-0.54,-0.98,-1.33,-0.23
2025-02-19,925.00,925.00,925.00,925.00,,0.76%,0.76,-0.54,-1.21,-0.68
2025-02-18,918.00,918.00,918.00,918.00,,0.66%,0.66,0.76,-0.98,-1.33
2025-02-17,912.00,912.00,912.00,912.00,,0.22%,0.22,0.66,-0.54,-1.21
2025-02-14,910.00,910.00,910.00,910.00,,1.79%,1.79,0.22,0.76,-0.98
2025-02-13,894.00,894.00,894.00,894.00,,0.45%,0.45,1.79,0.66,-0.54
2025-02-12,890.00,890.00,890.00,890.00,,-0.22%,-0.22,0.45,0.22,0.76
2025-02-11,892.00,892.00,892.00,892.00,,-0.78%,-0.78,-0.22,1.79,0.66
2025-02-10,899.00,899.00,899.00,899.00,,-0.44%,-0.44,-0.78,0.45,0.22
2025-02-07,903.00,903.00,903.00,903.00,,0.00%,0.0,-0.44,-0.22,1.79
2025-02-06,903.00,903.00,903.00,903.00,,0.33%,0.33,0.0,-0.78,0.45
2025-02-05,900.00,900.00,900.00,900.00,,0.22%,0.22,0.33,-0.44,-0.22
2025-02-04,898.00,898.00,898.00,898.00,,1.93%,1.93,0.22,0.0,-0.78
2025-02-03,881.00,881.00,881.00,881.00,,0.57%,0.57,1.93,0.33,-0.44
2025-01-31,876.00,876.00,876.00,876.00,,0.92%,0.92,0.57,0.22,0.0
2025-01-30,868.00,868.00,868.00,868.00,,2.12%,2.12,0.92,1.93,0.33
2025-01-29,850.00,850.00,850.00,850.00,,0.83%,0.83,2.12,0.57,0.22
2025-01-28,843.00,843.00,843.00,843.00,,0.36%,0.36,0.83,0.92,1.93
2025-01-27,840.00,840.00,840.00,840.00,,-0.59%,-0.59,0.36,2.12,0.57
2025-01-24,845.00,845.00,845.00,845.00,,-1.29%,-1.29,-0.59,0.83,0.92
2025-01-23,856.00,856.00,856.00,856.00,,-2.95%,-2.95,-1.29,0.36,2.12
2025-01-22,882.00,882.00,882.00,882.00,,-2.22%,-2.22,-2.95,-0.59,0.83
2025-01-21,902.00,902.00,902.00,902.00,,-1.64%,-1.64,-2.22,-1.29,0.36
2025-01-20,917.00,917.00,917.00,917.00,,0.55%,0.55,-1.64,-2.95,-0.59
2025-01-17,912.00,912.00,912.00,912.00,,0.00%,0.0,0.55,-2.22,-1.29
2025-01-16,912.00,912.00,912.00,912.00,,3.17%,3.17,0.0,-1.64,-2.95
2025-01-15,884.00,884.00,884.00,884.00,,0.57%,0.57,3.17,0.55,-2.22
2025-01-14,879.00,879.00,879.00,879.00,,2.81%,2.81,0.57,0.0,-1.64
2025-01-13,855.00,855.00,855.00,855.00,,4.14%,4.14,2.81,3.17,0.55
2025-01-10,821.00,821.00,821.00,821.00,,2.75%,2.75,4.14,0.57,0.0
2025-01-09,799.00,799.00,799.00,799.00,,-0.75%,-0.75,2.75,2.81,3.17
2025-01-08,805.00,805.00,805.00,805.00,,-1.11%,-1.11,-0.75,4.14,0.57
2025-01-07,814.00,814.00,814.00,814.00,,-1.81%,-1.81,-1.11,2.75,2.81
2025-01-06,829.00,829.00,829.00,829.00,,-1.43%,-1.43,-1.81,-0.75,4.14
2025-01-03,841.00,841.00,841.00,841.00,,-1.41%,-1.41,-1.43,-1.11,2.75
2025-01-02,853.00,853.00,853.00,853.00,,-7.98%,-7.98,-1.41,-1.81,-0.75
2024-12-24,927.00,927.00,927.00,927.00,,-0.22%,-0.22,-7.98,-1.43,-1.11
2024-12-23,929.00,929.00,929.00,929.00,,0.43%,0.43,-0.22,-1.41,-1.81
2024-12-20,925.00,925.00,925.00,925.00,,1.20%,1.2,0.43,-7.98,-1.43
2024-12-19,914.00,914.00,914.00,914.00,,-0.44%,-0.44,1.2,-0.22,-1.41
2024-12-18,918.00,918.00,918.00,918.00,,-1.18%,-1.18,-0.44,0.43,-7.98
2024-12-17,929.00,929.00,929.00,929.00,,0.76%,0.76,-1.18,1.2,-0.22
2024-12-16,922.00,922.00,922.00,922.00,,0.11%,0.11,0.76,-0.44,0.43
2024-12-13,921.00,921.00,921.00,921.00,,-0.86%,-0.86,0.11,-1.18,1.2
2024-12-12,929.00,929.00,929.00,929.00,,-0.21%,-0.21,-0.86,0.76,-0.44
2024-12-11,931.00,931.00,931.00,931.00,,-0.11%,-0.11,-0.21,0.11,-1.18
2024-12-10,932.00,932.00,932.00,932.00,,-0.53%,-0.53,-0.11,-0.86,0.76
2024-12-09,937.00,937.00,937.00,937.00,,-0.64%,-0.64,-0.53,-0.21,0.11
2024-12-06,943.00,943.00,943.00,943.00,,-0.11%,-0.11,-0.64,-0.11,-0.86
2024-12-05,944.00,944.00,944.00,944.00,,1.94%,1.94,-0.11,-0.53,-0.21
2024-12-04,926.00,926.00,926.00,926.00,,4.28%,4.28,1.94,-0.64,-0.11
2024-12-03,888.00,888.00,888.00,888.00,,-0.22%,-0.22,4.28,-0.11,-0.53
2024-12-02,890.00,890.00,890.00,890.00,,-0.22%,-0.22,-0.22,1.94,-0.64
2024-11-29,892.00,892.00,892.00,892.00,,-0.11%,-0.11,-0.22,4.28,-0.11
2024-11-28,893.00,893.00,893.00,893.00,,-0.22%,-0.22,-0.11,-0.22,1.94
2024-11-27,895.00,895.00,895.00,895.00,,0.67%,0.67,-0.22,-0.22,4.28
2024-11-26,889.00,889.00,889.00,889.00,,-1.77%,-1.77,0.67,-0.11,-0.22
2024-11-25,905.00,905.00,905.00,905.00,,-0.33%,-0.33,-1.77,-0.22,-0.22
2024-11-22,908.00,908.00,908.00,908.00,,-0.66%,-0.66,-0.33,0.67,-0.11
2024-11-21,914.00,914.00,914.00,914.00,,-0.11%,-0.11,-0.66,-1.77,-0.22
2024-11-20,915.00,915.00,915.00,915.00,,-0.97%,-0.97,-0.11,-0.33,0.67
2024-11-19,924.00,924.00,924.00,924.00,,1.87%,1.87,-0.97,-0.66,-1.77
2024-11-18,907.00,907.00,907.00,907.00,,1.91%,1.91,1.87,-0.11,-0.33
2024-11-15,890.00,890.00,890.00,890.00,,0.11%,0.11,1.91,-0.97,-0.66
2024-11-14,889.00,889.00,889.00,889.00,,0.00%,0.0,0.11,1.87,-0.11
2024-11-13,889.00,889.00,889.00,889.00,,-1.44%,-1.44,0.0,1.91,-0.97
2024-11-12,902.00,902.00,902.00,902.00,,-0.88%,-0.88,-1.44,0.11,1.87
2024-11-11,910.00,910.00,910.00,910.00,,-0.33%,-0.33,-0.88,0.0,1.91
2024-11-08,913.00,913.00,913.00,913.00,,-0.98%,-0.98,-0.33,-1.44,0.11
2024-11-07,922.00,922.00,922.00,922.00,,-0.97%,-0.97,-0.98,-0.88,0.0
2024-11-06,931.00,931.00,931.00,931.00,,-1.38%,-1.38,-0.97,-0.33,-1.44
2024-11-05,944.00,944.00,944.00,944.00,,-0.63%,-0.63,-1.38,-0.98,-0.88
2024-11-04,950.00,950.00,950.00,950.00,,-0.73%,-0.73,-0.63,-0.97,-0.33
2024-11-01,957.00,957.00,957.00,957.00,,-0.93%,-0.93,-0.73,-1.38,-0.98
2024-10-31,966.00,966.00,966.00,966.00,,-0.51%,-0.51,-0.93,-0.63,-0.97
2024-10-30,971.00,971.00,971.00,971.00,,-2.12%,-2.12,-0.51,-0.73,-1.38
2024-10-29,992.00,992.00,992.00,992.00,,-2.07%,-2.07,-2.12,-0.93,-0.63
2024-10-28,"1,013.00","1,013.00","1,013.00","1,013.00",,-2.22%,-2.22,-2.07,-0.51,-0.73
2024-10-25,"1,036.00","1,036.00","1,036.00","1,036.00",,-0.48%,-0.48,-2.22,-2.12,-0.93
2024-10-24,"1,041.00","1,041.00","1,041.00","1,041.00",,-0.29%,-0.29,-0.48,-2.07,-0.51
2024-10-23,"1,044.00","1,044.00","1,044.00","1,044.00",,-0.95%,-0.95,-0.29,-2.22,-2.12
2024-10-22,"1,054.00","1,054.00","1,054.00","1,054.00",,0.96%,0.96,-0.95,-0.48,-2.07
2024-10-21,"1,044.00","1,044.00","1,044.00","1,044.00",,0.10%,0.1,0.96,-0.29,-2.22
2024-10-18,"1,043.00","1,043.00","1,043.00","1,043.00",,0.58%,0.58,0.1,-0.95,-0.48
2024-10-17,"1,037.00","1,037.00","1,037.00","1,037.00",,0.10%,0.1,0.58,0.96,-0.29
2024-10-16,"1,036.00","1,036.00","1,036.00","1,036.00",,-0.29%,-0.29,0.1,0.1,-0.95
2024-10-15,"1,039.00","1,039.00","1,039.00","1,039.00",,0.10%,0.1,-0.29,0.58,0.96
2024-10-14,"1,038.00","1,038.00","1,038.00","1,038.00",,0.19%,0.19,0.1,0.1,0.1
2024-10-11,"1,036.00","1,036.00","1,036.00","1,036.00",,-0.19%,-0.19,0.19,-0.29,0.58
2024-10-10,"1,038.00","1,038.00","1,038.00","1,038.00",,1.37%,1.37,-0.19,0.1,0.1
2024-10-09,"1,024.00","1,024.00","1,024.00","1,024.00",,-1.54%,-1.54,1.37,0.19,-0.29
2024-10-08,"1,040.00","1,040.00","1,040.00","1,040.00",,-1.70%,-1.7,-1.54,-0.19,0.1
2024-10-07,"1,058.00","1,058.00","1,058.00","1,058.00",,-0.19%,-0.19,-1.7,1.37,0.19
2024-10-04,"1,060.00","1,060.00","1,060.00","1,060.00",,2.02%,2.02,-0.19,-1.54,-0.19
2024-10-03,"1,039.00","1,039.00","1,039.00","1,039.00",,9.25%,9.25,2.02,-1.7,1.37
2024-10-02,951.00,951.00,951.00,951.00,,9.69%,9.69,9.25,-0.19,-1.54
2024-10-01,867.00,867.00,867.00,867.00,,0.46%,0.46,9.69,2.02,-1.7
2024-09-30,863.00,863.00,863.00,863.00,,0.12%,0.12,0.46,9.25,-0.19
2024-09-27,862.00,862.00,862.00,862.00,,0.23%,0.23,0.12,9.69,2.02
2024-09-26,860.00,860.00,860.00,860.00,,-0.58%,-0.58,0.23,0.46,9.25
2024-09-25,865.00,865.00,865.00,865.00,,-1.26%,-1.26,-0.58,0.12,9.69
2024-09-24,876.00,876.00,876.00,876.00,,-1.35%,-1.35,-1.26,0.23,0.46
2024-09-23,888.00,888.00,888.00,888.00,,-0.67%,-0.67,-1.35,-0.58,0.12
2024-09-20,894.00,894.00,894.00,894.00,,-0.33%,-0.33,-0.67,-1.26,0.23
2024-09-19,897.00,897.00,897.00,897.00,,0.90%,0.9,-0.33,-1.35,-0.58
2024-09-18,889.00,889.00,889.00,889.00,,0.11%,0.11,0.9,-0.67,-1.26
2024-09-17,888.00,888.00,888.00,888.00,,0.68%,0.68,0.11,-0.33,-1.35
2024-09-16,882.00,882.00,882.00,882.00,,-0.11%,-0.11,0.68,0.9,-0.67
2024-09-13,883.00,883.00,883.00,883.00,,0.00%,0.0,-0.11,0.11,-0.33
2024-09-12,883.00,883.00,883.00,883.00,,-0.23%,-0.23,0.0,0.68,0.9
2024-09-11,885.00,885.00,885.00,885.00,,0.00%,0.0,-0.23,-0.11,0.11
2024-09-10,885.00,885.00,885.00,885.00,,0.57%,0.57,0.0,0.0,0.68
2024-09-09,880.00,880.00,880.00,880.00,,1.15%,1.15,0.57,-0.23,-0.11
2024-09-06,870.00,870.00,870.00,870.00,,0.46%,0.46,1.15,0.0,0.0
2024-09-05,866.00,866.00,866.00,866.00,,0.23%,0.23,0.46,0.57,-0.23
2024-09-04,864.00,864.00,864.00,864.00,,-0.46%,-0.46,0.23,1.15,0.0
2024-09-03,868.00,868.00,868.00,868.00,,-0.46%,-0.46,-0.46,0.46,0.57
2024-09-02,872.00,872.00,872.00,872.00,,-1.02%,-1.02,-0.46,0.23,1.15
2024-08-30,881.00,881.00,881.00,881.00,,-0.34%,-0.34,-1.02,-0.46,0.46
2024-08-29,884.00,884.00,884.00,884.00,,-1.45%,-1.45,-0.34,-0.46,0.23
2024-08-28,897.00,897.00,897.00,897.00,,-1.54%,-1.54,-1.45,-1.02,-0.46
2024-08-27,911.00,911.00,911.00,911.00,,-0.98%,-0.98,-1.54,-0.34,-0.46
2024-08-23,920.00,920.00,920.00,920.00,,-0.54%,-0.54,-0.98,-1.45,-1.02
2024-08-22,925.00,925.00,925.00,925.00,,-1.49%,-1.49,-0.54,-1.54,-0.34
2024-08-21,939.00,939.00,939.00,939.00,,-0.42%,-0.42,-1.49,-0.98,-1.45
2024-08-20,943.00,943.00,943.00,943.00,,0.32%,0.32,-0.42,-0.54,-1.54
2024-08-19,940.00,940.00,940.00,940.00,,0.43%,0.43,0.32,-1.49,-0.98
2024-08-16,936.00,936.00,936.00,936.00,,0.86%,0.86,0.43,-0.42,-0.54
2024-08-15,928.00,928.00,928.00,928.00,,2.77%,2.77,0.86,0.32,-1.49
2024-08-14,903.00,903.00,903.00,903.00,,-0.11%,-0.11,2.77,0.43,-0.42
2024-08-13,904.00,904.00,904.00,904.00,,-1.20%,-1.2,-0.11,0.86,0.32
2024-08-12,915.00,915.00,915.00,915.00,,-0.76%,-0.76,-1.2,2.77,0.43
2024-08-09,922.00,922.00,922.00,922.00,,-0.54%,-0.54,-0.76,-0.11,0.86
2024-08-08,927.00,927.00,927.00,927.00,,-0.32%,-0.32,-0.54,-1.2,2.77
2024-08-07,930.00,930.00,930.00,930.00,,-0.53%,-0.53,-0.32,-0.76,-0.11
2024-08-06,935.00,935.00,935.00,935.00,,-0.53%,-0.53,-0.53,-0.54,-1.2
2024-08-05,940.00,940.00,940.00,940.00,,-1.26%,-1.26,-0.53,-0.32,-0.76
2024-08-02,952.00,952.00,952.00,952.00,,-0.83%,-0.83,-1.26,-0.53,-0.54
2024-08-01,960.00,960.00,960.00,960.00,,-1.23%,-1.23,-0.83,-0.53,-0.32
2024-07-31,972.00,972.00,972.00,972.00,,-3.09%,-3.09,-1.23,-1.26,-0.53
2024-07-30,"1,003.00","1,003.00","1,003.00","1,003.00",,-1.38%,-1.38,-3.09,-0.83,-0.53
2024-07-29,"1,017.00","1,017.00","1,017.00","1,017.00",,-0.59%,-0.59,-1.38,-1.23,-1.26
2024-07-26,"1,023.00","1,023.00","1,023.00","1,023.00",,-1.25%,-1.25,-0.59,-3.09,-0.83
2024-07-25,"1,036.00","1,036.00","1,036.00","1,036.00",,-0.77%,-0.77,-1.25,-1.38,-1.23
2024-07-24,"1,044.00","1,044.00","1,044.00","1,044.00",,-1.04%,-1.04,-0.77,-0.59,-3.09
2024-07-23,"1,055.00","1,055.00","1,055.00","1,055.00",,0.09%,0.09,-1.04,-1.25,-1.38
2024-07-22,"1,054.00","1,054.00","1,054.00","1,054.00",,-0.19%,-0.19,0.09,-0.77,-0.59
2024-07-19,"1,056.00","1,056.00","1,056.00","1,056.00",,1.15%,1.15,-0.19,-1.04,-1.25
2024-07-18,"1,044.00","1,044.00","1,044.00","1,044.00",,-0.19%,-0.19,1.15,0.09,-0.77
2024-07-17,"1,046.00","1,046.00","1,046.00","1,046.00",,-0.76%,-0.76,-0.19,-0.19,-1.04
2024-07-16,"1,054.00","1,054.00","1,054.00","1,054.00",,-0.28%,-0.28,-0.76,1.15,0.09
2024-07-15,"1,057.00","1,057.00","1,057.00","1,057.00",,-0.66%,-0.66,-0.28,-0.19,-0.19
2024-07-12,"1,064.00","1,064.00","1,064.00","1,064.00",,0.19%,0.19,-0.66,-0.76,1.15
2024-07-11,"1,062.00","1,062.00","1,062.00","1,062.00",,0.28%,0.28,0.19,-0.28,-0.19
2024-07-10,"1,059.00","1,059.00","1,059.00","1,059.00",,-0.47%,-0.47,0.28,-0.66,-0.76
2024-07-09,"1,064.00","1,064.00","1,064.00","1,064.00",,-1.30%,-1.3,-0.47,0.19,-0.28
2024-07-08,"1,078.00","1,078.00","1,078.00","1,078.00",,-2.18%,-2.18,-1.3,0.28,-0.66
2024-07-05,"1,102.00","1,102.00","1,102.00","1,102.00",,-0.54%,-0.54,-2.18,-0.47,0.19
2024-07-04,"1,108.00","1,108.00","1,108.00","1,108.00",,-1.16%,-1.16,-0.54,-1.3,0.28
2024-07-03,"1,121.00","1,121.00","1,121.00","1,121.00",,-0.53%,-0.53,-1.16,-2.18,-0.47
2024-07-02,"1,127.00","1,127.00","1,127.00","1,127.00",,-1.31%,-1.31,-0.53,-0.54,-1.3
2024-07-01,"1,142.00","1,142.00","1,142.00","1,142.00",,-0.70%,-0.7,-1.31,-1.16,-2.18
2024-06-28,"1,150.00","1,150.00","1,150.00","1,150.00",,-0.95%,-0.95,-0.7,-0.53,-0.54
2024-06-27,"1,161.00","1,161.00","1,161.00","1,161.00",,-1.36%,-1.36,-0.95,-1.31,-1.16
2024-06-26,"1,177.00","1,177.00","1,177.00","1,177.00",,-0.34%,-0.34,-1.36,-0.7,-0.53
2024-06-25,"1,181.00","1,181.00","1,181.00","1,181.00",,-0.76%,-0.76,-0.34,-0.95,-1.31
2024-06-24,"1,190.00","1,190.00","1,190.00","1,190.00",,-1.24%,-1.24,-0.76,-1.36,-0.7
2024-06-21,"1,205.00","1,205.00","1,205.00","1,205.00",,-1.07%,-1.07,-1.24,-0.34,-0.95
2024-06-20,"1,218.00","1,218.00","1,218.00","1,218.00",,-0.49%,-0.49,-1.07,-0.76,-1.36
2024-06-19,"1,224.00","1,224.00","1,224.00","1,224.00",,-0.16%,-0.16,-0.49,-1.24,-0.34
2024-06-18,"1,226.00","1,226.00","1,226.00","1,226.00",,-0.41%,-0.41,-0.16,-1.07,-0.76
2024-06-17,"1,231.00","1,231.00","1,231.00","1,231.00",,-0.73%,-0.73,-0.41,-0.49,-1.24
2024-06-14,"1,240.00","1,240.00","1,240.00","1,240.00",,-1.04%,-1.04,-0.73,-0.16,-1.07
2024-06-13,"1,253.00","1,253.00","1,253.00","1,253.00",,-1.10%,-1.1,-1.04,-0.41,-0.49
2024-06-12,"1,267.00","1,267.00","1,267.00","1,267.00",,0.16%,0.16,-1.1,-0.73,-0.16
2024-06-11,"1,265.00","1,265.00","1,265.00","1,265.00",,-0.08%,-0.08,0.16,-1.04,-0.41
2024-06-10,"1,266.00","1,266.00","1,266.00","1,266.00",,-0.08%,-0.08,-0.08,-1.1,-0.73
2024-06-07,"1,267.00","1,267.00","1,267.00","1,267.00",,1.69%,1.69,-0.08,0.16,-1.04
2024-06-06,"1,246.00","1,246.00","1,246.00","1,246.00",,-0.40%,-0.4,1.69,-0.08,-1.1
2024-06-05,"1,251.00","1,251.00","1,251.00","1,251.00",,1.05%,1.05,-0.4,-0.08,0.16
2024-06-04,"1,238.00","1,238.00","1,238.00","1,238.00",,0.08%,0.08,1.05,1.69,-0.08
2024-06-03,"1,237.00","1,237.00","1,237.00","1,237.00",,-0.32%,-0.32,0.08,-0.4,-0.08
2024-05-31,"1,241.00","1,241.00","1,241.00","1,241.00",,0.57%,0.57,-0.32,1.05,1.69
2024-05-30,"1,234.00","1,234.00","1,234.00","1,234.00",,0.16%,0.16,0.57,0.08,-0.4
2024-05-29,"1,232.00","1,232.00","1,232.00","1,232.00",,-0.65%,-0.65,0.16,-0.32,1.05
2024-05-28,"1,240.00","1,240.00","1,240.00","1,240.00",,0.49%,0.49,-0.65,0.57,0.08
2024-05-24,"1,234.00","1,234.00","1,234.00","1,234.00",,0.24%,0.24,0.49,0.16,-0.32
2024-05-23,"1,231.00","1,231.00","1,231.00","1,231.00",,-0.40%,-0.4,0.24,-0.65,0.57
2024-05-22,"1,236.00","1,236.00","1,236.00","1,236.00",,0.16%,0.16,-0.4,0.49,0.16
2024-05-21,"1,234.00","1,234.00","1,234.00","1,234.00",,2.41%,2.41,0.16,0.24,-0.65
2024-05-20,"1,205.00","1,205.00","1,205.00","1,205.00",,0.84%,0.84,2.41,-0.4,0.49
2024-05-17,"1,195.00","1,195.00","1,195.00","1,195.00",,1.44%,1.44,0.84,0.16,0.24
2024-05-16,"1,178.00","1,178.00","1,178.00","1,178.00",,2.17%,2.17,1.44,2.41,-0.4
2024-05-15,"1,153.00","1,153.00","1,153.00","1,153.00",,0.26%,0.26,2.17,0.84,0.16
2024-05-14,"1,150.00","1,150.00","1,150.00","1,150.00",,0.00%,0.0,0.26,1.44,2.41
2024-05-13,"1,150.00","1,150.00","1,150.00","1,150.00",,-0.43%,-0.43,0.0,2.17,0.84
2024-05-10,"1,155.00","1,155.00","1,155.00","1,155.00",,0.61%,0.61,-0.43,0.26,1.44
2024-05-09,"1,148.00","1,148.00","1,148.00","1,148.00",,0.79%,0.79,0.61,0.0,2.17
2024-05-08,"1,139.00","1,139.00","1,139.00","1,139.00",,0.89%,0.89,0.79,-0.43,0.26
2024-05-07,"1,129.00","1,129.00","1,129.00","1,129.00",,0.62%,0.62,0.89,0.61,0.0
2024-05-03,"1,122.00","1,122.00","1,122.00","1,122.00",,0.81%,0.81,0.62,0.79,-0.43
2024-05-02,"1,113.00","1,113.00","1,113.00","1,113.00",,-0.36%,-0.36,0.81,0.89,0.61
2024-05-01,"1,117.00","1,117.00","1,117.00","1,117.00",,-0.53%,-0.53,-0.36,0.62,0.79
2024-04-30,"1,123.00","1,123.00","1,123.00","1,123.00",,0.27%,0.27,-0.53,0.81,0.89
2024-04-29,"1,120.00","1,120.00","1,120.00","1,120.00",,0.72%,0.72,0.27,-0.36,0.62
2024-04-26,"1,112.00","1,112.00","1,112.00","1,112.00",,1.09%,1.09,0.72,-0.53,0.81
2024-04-25,"1,100.00","1,100.00","1,100.00","1,100.00",,0.36%,0.36,1.09,0.27,-0.36
2024-04-24,"1,096.00","1,096.00","1,096.00","1,096.00",,0.74%,0.74,0.36,0.72,-0.53
2024-04-23,"1,088.00","1,088.00","1,088.00","1,088.00",,-1.81%,-1.81,0.74,1.09,0.27
2024-04-22,"1,108.00","1,108.00","1,108.00","1,108.00",,-0.54%,-0.54,-1.81,0.36,0.72
2024-04-19,"1,114.00","1,114.00","1,114.00","1,114.00",,-1.24%,-1.24,-0.54,0.74,1.09
2024-04-18,"1,128.00","1,128.00","1,128.00","1,128.00",,-0.53%,-0.53,-1.24,-1.81,0.36
2024-04-17,"1,134.00","1,134.00","1,134.00","1,134.00",,-3.32%,-3.32,-0.53,-0.54,0.74
2024-04-16,"1,173.00","1,173.00","1,173.00","1,173.00",,-1.76%,-1.76,-3.32,-1.24,-1.81
2024-04-15,"1,194.00","1,194.00","1,194.00","1,194.00",,-0.67%,-0.67,-1.76,-0.53,-0.54
2024-04-12,"1,202.00","1,202.00","1,202.00","1,202.00",,-0.25%,-0.25,-0.67,-3.32,-1.24
2024-04-11,"1,205.00","1,205.00","1,205.00","1,205.00",,0.84%,0.84,-0.25,-1.76,-0.53
2024-04-10,"1,195.00","1,195.00","1,195.00","1,195.00",,2.58%,2.58,0.84,-0.67,-3.32
2024-04-09,"1,165.00","1,165.00","1,165.00","1,165.00",,4.58%,4.58,2.58,-0.25,-1.76
2024-04-08,"1,114.00","1,114.00","1,114.00","1,114.00",,-0.71%,-0.71,4.58,0.84,-0.67
2024-04-05,"1,122.00","1,122.00","1,122.00","1,122.00",,-0.44%,-0.44,-0.71,2.58,-0.25
2024-04-04,"1,127.00","1,127.00","1,127.00","1,127.00",,0.36%,0.36,-0.44,4.58,0.84
2024-04-03,"1,123.00","1,123.00","1,123.00","1,123.00",,-0.53%,-0.53,0.36,-0.71,2.58
2024-04-02,"1,129.00","1,129.00","1,129.00","1,129.00",,-0.70%,-0.7,-0.53,-0.44,4.58
2024-03-28,"1,137.00","1,137.00","1,137.00","1,137.00",,-0.35%,-0.35,-0.7,0.36,-0.71
2024-03-27,"1,141.00","1,141.00","1,141.00","1,141.00",,-1.13%,-1.13,-0.35,-0.53,-0.44
2024-03-26,"1,154.00","1,154.00","1,154.00","1,154.00",,-0.43%,-0.43,-1.13,-0.7,0.36
2024-03-25,"1,159.00","1,159.00","1,159.00","1,159.00",,-0.17%,-0.17,-0.43,-0.35,-0.53
2024-03-22,"1,161.00","1,161.00","1,161.00","1,161.00",,-1.02%,-1.02,-0.17,-1.13,-0.7
2024-03-21,"1,173.00","1,173.00","1,173.00","1,173.00",,-1.68%,-1.68,-1.02,-0.43,-0.35
2024-03-20,"1,193.00","1,193.00","1,193.00","1,193.00",,-1.00%,-1.0,-1.68,-0.17,-1.13
2024-03-19,"1,205.00","1,205.00","1,205.00","1,205.00",,-0.58%,-0.58,-1.0,-1.02,-0.43
2024-03-18,"1,212.00","1,212.00","1,212.00","1,212.00",,0.83%,0.83,-0.58,-1.68,-0.17
2024-03-15,"1,202.00","1,202.00","1,202.00","1,202.00",,0.42%,0.42,0.83,-1.0,-1.02
2024-03-14,"1,197.00","1,197.00","1,197.00","1,197.00",,-0.08%,-0.08,0.42,-0.58,-1.68
2024-03-13,"1,198.00","1,198.00","1,198.00","1,198.00",,0.76%,0.76,-0.08,0.83,-1.0
2024-03-12,"1,189.00","1,189.00","1,189.00","1,189.00",,0.00%,0.0,0.76,0.42,-0.58
2024-03-11,"1,189.00","1,189.00","1,189.00","1,189.00",,0.25%,0.25,0.0,-0.08,0.83
2024-03-08,"1,186.00","1,186.00","1,186.00","1,186.00",,-0.17%,-0.17,0.25,0.76,0.42
2024-03-07,"1,188.00","1,188.00","1,188.00","1,188.00",,-0.34%,-0.34,-0.17,0.0,-0.08
2024-03-06,"1,192.00","1,192.00","1,192.00","1,192.00",,0.17%,0.17,-0.34,0.25,0.76
2024-03-05,"1,190.00","1,190.00","1,190.00","1,190.00",,3.93%,3.93,0.17,-0.17,0.0
2024-03-04,"1,145.00","1,145.00","1,145.00","1,145.00",,0.26%,0.26,3.93,-0.34,0.25
2024-03-01,"1,142.00","1,142.00","1,142.00","1,142.00",,-0.26%,-0.26,0.26,0.17,-0.17
2024-02-29,"1,145.00","1,145.00","1,145.00","1,145.00",,-0.95%,-0.95,-0.26,3.93,-0.34
2024-02-28,"1,156.00","1,156.00","1,156.00","1,156.00",,-2.03%,-2.03,-0.95,0.26,0.17
2024-02-27,"1,180.00","1,180.00","1,180.00","1,180.00",,-0.92%,-0.92,-2.03,-0.26,3.93
2024-02-26,"1,191.00","1,191.00","1,191.00","1,191.00",,-1.49%,-1.49,-0.92,-0.95,0.26
2024-02-23,"1,209.00","1,209.00","1,209.00","1,209.00",,-2.26%,-2.26,-1.49,-2.03,-0.26
2024-02-22,"1,237.00","1,237.00","1,237.00","1,237.00",,-3.81%,-3.81,-2.26,-0.92,-0.95
2024-02-21,"1,286.00","1,286.00","1,286.00","1,286.00",,-2.87%,-2.87,-3.81,-1.49,-2.03
2024-02-20,"1,324.00","1,324.00","1,324.00","1,324.00",,-1.05%,-1.05,-2.87,-2.26,-0.92
2024-02-19,"1,338.00","1,338.00","1,338.00","1,338.00",,-0.22%,-0.22,-1.05,-3.81,-1.49
2024-02-16,"1,341.00","1,341.00","1,341.00","1,341.00",,0.37%,0.37,-0.22,-2.87,-2.26
2024-02-15,"1,336.00","1,336.00","1,336.00","1,336.00",,2.45%,2.45,0.37,-1.05,-3.81
2024-02-14,"1,304.00","1,304.00","1,304.00","1,304.00",,0.62%,0.62,2.45,-0.22,-2.87
2024-02-13,"1,296.00","1,296.00","1,296.00","1,296.00",,0.86%,0.86,0.62,0.37,-1.05
2024-02-12,"1,285.00","1,285.00","1,285.00","1,285.00",,1.34%,1.34,0.86,2.45,-0.22
2024-02-09,"1,268.00","1,268.00","1,268.00","1,268.00",,1.04%,1.04,1.34,0.62,0.37
2024-02-08,"1,255.00","1,255.00","1,255.00","1,255.00",,0.08%,0.08,1.04,0.86,2.45
2024-02-07,"1,254.00","1,254.00","1,254.00","1,254.00",,-0.63%,-0.63,0.08,1.34,0.62
2024-02-06,"1,262.00","1,262.00","1,262.00","1,262.00",,-0.94%,-0.94,-0.63,1.04,0.86
2024-02-05,"1,274.00","1,274.00","1,274.00","1,274.00",,-1.01%,-1.01,-0.94,0.08,1.34
2024-02-02,"1,287.00","1,287.00","1,287.00","1,287.00",,-0.62%,-0.62,-1.01,-0.63,1.04
2024-02-01,"1,295.00","1,295.00","1,295.00","1,295.00",,-0.84%,-0.84,-0.62,-0.94,0.08
2024-01-31,"1,306.00","1,306.00","1,306.00","1,306.00",,-0.99%,-0.99,-0.84,-1.01,-0.63
2024-01-30,"1,319.00","1,319.00","1,319.00","1,319.00",,-2.01%,-2.01,-0.99,-0.62,-0.94
2024-01-29,"1,346.00","1,346.00","1,346.00","1,346.00",,-0.07%,-0.07,-2.01,-0.84,-1.01
2024-01-26,"1,347.00","1,347.00","1,347.00","1,347.00",,1.58%,1.58,-0.07,-0.99,-0.62
2024-01-25,"1,326.00","1,326.00","1,326.00","1,326.00",,-0.15%,-0.15,1.58,-2.01,-0.84
2024-01-24,"1,328.00","1,328.00","1,328.00","1,328.00",,-1.12%,-1.12,-0.15,-0.07,-0.99
2024-01-23,"1,343.00","1,343.00","1,343.00","1,343.00",,-3.59%,-3.59,-1.12,1.58,-2.01
2024-01-22,"1,393.00","1,393.00","1,393.00","1,393.00",,-2.11%,-2.11,-3.59,-0.15,-0.07
2024-01-19,"1,423.00","1,423.00","1,423.00","1,423.00",,-5.13%,-5.13,-2.11,-1.12,1.58
2024-01-18,"1,500.00","1,500.00","1,500.00","1,500.00",,-2.72%,-2.72,-5.13,-3.59,-0.15
2024-01-17,"1,542.00","1,542.00","1,542.00","1,542.00",,-0.64%,-0.64,-2.72,-2.11,-1.12
2024-01-16,"1,552.00","1,552.00","1,552.00","1,552.00",,1.97%,1.97,-0.64,-5.13,-3.59
2024-01-15,"1,522.00","1,522.00","1,522.00","1,522.00",,3.33%,3.33,1.97,-2.72,-2.11
2024-01-12,"1,473.00","1,473.00","1,473.00","1,473.00",,0.61%,0.61,3.33,-0.64,-5.13
2024-01-11,"1,464.00","1,464.00","1,464.00","1,464.00",,0.48%,0.48,0.61,1.97,-2.72
2024-01-10,"1,457.00","1,457.00","1,457.00","1,457.00",,0.34%,0.34,0.48,3.33,-0.64
2024-01-09,"1,452.00","1,452.00","1,452.00","1,452.00",,2.54%,2.54,0.34,0.61,1.97
2024-01-08,"1,416.00","1,416.00","1,416.00","1,416.00",,2.31%,2.31,2.54,0.48,3.33
2024-01-05,"1,384.00","1,384.00","1,384.00","1,384.00",,4.22%,4.22,2.31,0.34,0.61
2024-01-04,"1,328.00","1,328.00","1,328.00","1,328.00",,2.55%,2.55,4.22,2.54,0.48
2024-01-03,"1,295.00","1,295.00","1,295.00","1,295.00",,2.94%,2.94,2.55,2.31,0.34
2024-01-02,"1,258.00","1,258.00","1,258.00","1,258.00",,4.83%,4.83,2.94,4.22,2.54
2023-12-22,"1,200.00","1,200.00","1,200.00","1,200.00",,0.25%,0.25,4.83,2.55,2.31
2023-12-21,"1,197.00","1,197.00","1,197.00","1,197.00",,1.35%,1.35,0.25,2.94,4.22
2023-12-20,"1,181.00","1,181.00","1,181.00","1,181.00",,3.51%,3.51,1.35,4.83,2.55
2023-12-19,"1,141.00","1,141.00","1,141.00","1,141.00",,2.24%,2.24,3.51,0.25,2.94
2023-12-18,"1,116.00","1,116.00","1,116.00","1,116.00",,1.18%,1.18,2.24,1.35,4.83
2023-12-15,"1,103.00","1,103.00","1,103.00","1,103.00",,1.01%,1.01,1.18,3.51,0.25
2023-12-14,"1,092.00","1,092.00","1,092.00","1,092.00",,0.18%,0.18,1.01,2.24,1.35
2023-12-13,"1,090.00","1,090.00","1,090.00","1,090.00",,-1.18%,-1.18,0.18,1.18,3.51
2023-12-12,"1,103.00","1,103.00","1,103.00","1,103.00",,-1.34%,-1.34,-1.18,1.01,2.24
2023-12-11,"1,118.00","1,118.00","1,118.00","1,118.00",,-0.97%,-0.97,-1.34,0.18,1.18
2023-12-08,"1,129.00","1,129.00","1,129.00","1,129.00",,-1.40%,-1.4,-0.97,-1.18,1.01
2023-12-07,"1,145.00","1,145.00","1,145.00","1,145.00",,-1.89%,-1.89,-1.4,-1.34,0.18
2023-12-06,"1,167.00","1,167.00","1,167.00","1,167.00",,-0.51%,-0.51,-1.89,-0.97,-1.18
2023-12-05,"1,173.00","1,173.00","1,173.00","1,173.00",,0.17%,0.17,-0.51,-1.4,-1.34
2023-12-04,"1,171.00","1,171.00","1,171.00","1,171.00",,-0.09%,-0.09,0.17,-1.89,-0.97
2023-12-01,"1,172.00","1,172.00","1,172.00","1,172.00",,-1.01%,-1.01,-0.09,-0.51,-1.4
2023-11-30,"1,184.00","1,184.00","1,184.00","1,184.00",,-0.67%,-0.67,-1.01,0.17,-1.89
2023-11-29,"1,192.00","1,192.00","1,192.00","1,192.00",,-1.24%,-1.24,-0.67,-0.09,-0.51
2023-11-28,"1,207.00","1,207.00","1,207.00","1,207.00",,-1.23%,-1.23,-1.24,-1.01,0.17
2023-11-27,"1,222.00","1,222.00","1,222.00","1,222.00",,-0.89%,-0.89,-1.23,-0.67,-0.09
2023-11-24,"1,233.00","1,233.00","1,233.00","1,233.00",,0.00%,0.0,-0.89,-1.24,-1.01
2023-11-23,"1,233.00","1,233.00","1,233.00","1,233.00",,-0.56%,-0.56,0.0,-1.23,-0.67
2023-11-22,"1,240.00","1,240.00","1,240.00","1,240.00",,-1.82%,-1.82,-0.56,-0.89,-1.24
2023-11-21,"1,263.00","1,263.00","1,263.00","1,263.00",,-3.59%,-3.59,-1.82,0.0,-1.23
2023-11-20,"1,310.00","1,310.00","1,310.00","1,310.00",,-0.53%,-0.53,-3.59,-0.56,-0.89
2023-11-17,"1,317.00","1,317.00","1,317.00","1,317.00",,-1.42%,-1.42,-0.53,-1.82,0.0
2023-11-16,"1,336.00","1,336.00","1,336.00","1,336.00",,-0.07%,-0.07,-1.42,-3.59,-0.56
2023-11-15,"1,337.00","1,337.00","1,337.00","1,337.00",,-0.59%,-0.59,-0.07,-0.53,-1.82
2023-11-14,"1,345.00","1,345.00","1,345.00","1,345.00",,-2.04%,-2.04,-0.59,-1.42,-3.59
2023-11-13,"1,373.00","1,373.00","1,373.00","1,373.00",,-1.36%,-1.36,-2.04,-0.07,-0.53
2023-11-10,"1,392.00","1,392.00","1,392.00","1,392.00",,-0.85%,-0.85,-1.36,-0.59,-1.42
2023-11-09,"1,404.00","1,404.00","1,404.00","1,404.00",,-1.40%,-1.4,-0.85,-2.04,-0.07
2023-11-08,"1,424.00","1,424.00","1,424.00","1,424.00",,-0.63%,-0.63,-1.4,-1.36,-0.59
2023-11-07,"1,433.00","1,433.00","1,433.00","1,433.00",,-0.97%,-0.97,-0.63,-0.85,-2.04
2023-11-06,"1,447.00","1,447.00","1,447.00","1,447.00",,-1.23%,-1.23,-0.97,-1.4,-1.36
2023-11-03,"1,465.00","1,465.00","1,465.00","1,465.00",,0.21%,0.21,-1.23,-0.63,-0.85
2023-11-02,"1,462.00","1,462.00","1,462.00","1,462.00",,-1.68%,-1.68,0.21,-0.97,-1.4
2023-11-01,"1,487.00","1,487.00","1,487.00","1,487.00",,0.27%,0.27,-1.68,-1.23,-0.63
2023-10-31,"1,483.00","1,483.00","1,483.00","1,483.00",,2.06%,2.06,0.27,0.21,-0.97
2023-10-30,"1,453.00","1,453.00","1,453.00","1,453.00",,2.76%,2.76,2.06,-1.68,-1.23
2023-10-27,"1,414.00","1,414.00","1,414.00","1,414.00",,3.06%,3.06,2.76,0.27,0.21
2023-10-26,"1,372.00","1,372.00","1,372.00","1,372.00",,1.78%,1.78,3.06,2.06,-1.68
2023-10-25,"1,348.00","1,348.00","1,348.00","1,348.00",,1.28%,1.28,1.78,2.76,0.27
2023-10-24,"1,331.00","1,331.00","1,331.00","1,331.00",,1.14%,1.14,1.28,3.06,2.06
2023-10-23,"1,316.00","1,316.00","1,316.00","1,316.00",,2.33%,2.33,1.14,1.78,2.76
2023-10-20,"1,286.00","1,286.00","1,286.00","1,286.00",,0.94%,0.94,2.33,1.28,3.06
2023-10-19,"1,274.00","1,274.00","1,274.00","1,274.00",,0.16%,0.16,0.94,1.14,1.78
2023-10-18,"1,272.00","1,272.00","1,272.00","1,272.00",,2.25%,2.25,0.16,2.33,1.28
2023-10-17,"1,244.00","1,244.00","1,244.00","1,244.00",,1.88%,1.88,2.25,0.94,1.14
2023-10-16,"1,221.00","1,221.00","1,221.00","1,221.00",,6.27%,6.27,1.88,0.16,2.33
2023-10-13,"1,149.00","1,149.00","1,149.00","1,149.00",,9.01%,9.01,6.27,2.25,0.94
2023-10-12,"1,054.00","1,054.00","1,054.00","1,054.00",,10.37%,10.37,9.01,1.88,0.16
2023-10-11,955.00,955.00,955.00,955.00,,4.83%,4.83,10.37,6.27,2.25
2023-10-10,911.00,911.00,911.00,911.00,,3.41%,3.41,4.83,9.01,1.88
2023-10-09,881.00,881.00,881.00,881.00,,1.15%,1.15,3.41,10.37,6.27
2023-10-06,871.00,871.00,871.00,871.00,,1.99%,1.99,1.15,4.83,9.01
2023-10-05,854.00,854.00,854.00,854.00,,0.95%,0.95,1.99,3.41,10.37
2023-10-04,846.00,846.00,846.00,846.00,,0.48%,0.48,0.95,1.15,4.83
2023-10-03,842.00,842.00,842.00,842.00,,0.36%,0.36,0.48,1.99,3.41
2023-10-02,839.00,839.00,839.00,839.00,,1.45%,1.45,0.36,0.95,1.15
2023-09-29,827.00,827.00,827.00,827.00,,0.73%,0.73,1.45,0.48,1.99
2023-09-28,821.00,821.00,821.00,821.00,,0.86%,0.86,0.73,0.36,0.95
2023-09-27,814.00,814.00,814.00,814.00,,0.49%,0.49,0.86,1.45,0.48
2023-09-26,810.00,810.00,810.00,810.00,,1.38%,1.38,0.49,0.73,0.36
2023-09-25,799.00,799.00,799.00,799.00,,1.14%,1.14,1.38,0.86,1.45
2023-09-22,790.00,790.00,790.00,790.00,,1.80%,1.8,1.14,0.49,0.73
2023-09-21,776.00,776.00,776.00,776.00,,1.04%,1.04,1.8,1.38,0.86
2023-09-20,768.00,768.00,768.00,768.00,,2.54%,2.54,1.04,1.14,0.49
2023-09-19,749.00,749.00,749.00,749.00,,0.94%,0.94,2.54,1.8,1.38
2023-09-18,742.00,742.00,742.00,742.00,,0.27%,0.27,0.94,1.04,1.14
2023-09-15,740.00,740.00,740.00,740.00,,0.95%,0.95,0.27,2.54,1.8
2023-09-14,733.00,733.00,733.00,733.00,,1.52%,1.52,0.95,0.94,1.04
2023-09-13,722.00,722.00,722.00,722.00,,0.84%,0.84,1.52,0.27,2.54
2023-09-12,716.00,716.00,716.00,716.00,,0.28%,0.28,0.84,0.95,0.94
2023-09-11,714.00,714.00,714.00,714.00,,0.14%,0.14,0.28,1.52,0.27
2023-09-08,713.00,713.00,713.00,713.00,,-0.28%,-0.28,0.14,0.84,0.95
2023-09-07,715.00,715.00,715.00,715.00,,-1.38%,-1.38,-0.28,0.28,1.52
2023-09-06,725.00,725.00,725.00,725.00,,-0.41%,-0.41,-1.38,0.14,0.84
2023-09-05,728.00,728.00,728.00,728.00,,-0.55%,-0.55,-0.41,-0.28,0.28
2023-09-04,732.00,732.00,732.00,732.00,,-1.08%,-1.08,-0.55,-1.38,0.14
2023-09-01,740.00,740.00,740.00,740.00,,-1.60%,-1.6,-1.08,-0.41,-0.28
2023-08-31,752.00,752.00,752.00,752.00,,-1.57%,-1.57,-1.6,-0.55,-1.38
2023-08-30,764.00,764.00,764.00,764.00,,-1.55%,-1.55,-1.57,-1.08,-0.41
2023-08-29,776.00,776.00,776.00,776.00,,-2.14%,-2.14,-1.55,-1.6,-0.55
2023-08-25,793.00,793.00,793.00,793.00,,-0.50%,-0.5,-2.14,-1.57,-1.08
2023-08-24,797.00,797.00,797.00,797.00,,-0.62%,-0.62,-0.5,-1.55,-1.6
2023-08-23,802.00,802.00,802.00,802.00,,-0.25%,-0.25,-0.62,-2.14,-1.57
2023-08-22,804.00,804.00,804.00,804.00,,0.25%,0.25,-0.25,-0.5,-1.55
2023-08-21,802.00,802.00,802.00,802.00,,-0.12%,-0.12,0.25,-0.62,-2.14
2023-08-18,803.00,803.00,803.00,803.00,,-0.74%,-0.74,-0.12,-0.25,-0.5
2023-08-17,809.00,809.00,809.00,809.00,,0.37%,0.37,-0.74,0.25,-0.62
2023-08-16,806.00,806.00,806.00,806.00,,1.00%,1.0,0.37,-0.12,-0.25
2023-08-15,798.00,798.00,798.00,798.00,,-0.37%,-0.37,1.0,-0.74,0.25
2023-08-14,801.00,801.00,801.00,801.00,,-0.12%,-0.12,-0.37,0.37,-0.12
2023-08-11,802.00,802.00,802.00,802.00,,0.38%,0.38,-0.12,1.0,-0.74
2023-08-10,799.00,799.00,799.00,799.00,,0.00%,0.0,0.38,-0.37,0.37
2023-08-09,799.00,799.00,799.00,799.00,,-0.13%,-0.13,0.0,-0.12,1.0
2023-08-08,800.00,800.00,800.00,800.00,,0.25%,0.25,-0.13,0.38,-0.37
2023-08-07,798.00,798.00,798.00,798.00,,-0.25%,-0.25,0.25,0.0,-0.12
2023-08-04,800.00,800.00,800.00,800.00,,-1.23%,-1.23,-0.25,-0.13,0.38
2023-08-03,810.00,810.00,810.00,810.00,,-1.34%,-1.34,-1.23,0.25,0.0
2023-08-02,821.00,821.00,821.00,821.00,,-2.26%,-2.26,-1.34,-0.25,-0.13
2023-08-01,840.00,840.00,840.00,840.00,,-1.29%,-1.29,-2.26,-1.23,0.25
2023-07-31,851.00,851.00,851.00,851.00,,-2.52%,-2.52,-1.29,-1.34,-0.25
2023-07-28,873.00,873.00,873.00,873.00,,-0.91%,-0.91,-2.52,-2.26,-1.23
2023-07-27,881.00,881.00,881.00,881.00,,-2.00%,-2.0,-0.91,-1.29,-1.34
2023-07-26,899.00,899.00,899.00,899.00,,-1.21%,-1.21,-2.0,-2.52,-2.26
2023-07-25,910.00,910.00,910.00,910.00,,-2.05%,-2.05,-1.21,-0.91,-1.29
2023-07-24,929.00,929.00,929.00,929.00,,-1.17%,-1.17,-2.05,-2.0,-2.52
2023-07-21,940.00,940.00,940.00,940.00,,-0.74%,-0.74,-1.17,-1.21,-0.91
2023-07-20,947.00,947.00,947.00,947.00,,-1.56%,-1.56,-0.74,-2.05,-2.0
2023-07-19,962.00,962.00,962.00,962.00,,-1.33%,-1.33,-1.56,-1.17,-1.21
2023-07-18,975.00,975.00,975.00,975.00,,0.52%,0.52,-1.33,-0.74,-2.05
2023-07-17,970.00,970.00,970.00,970.00,,1.15%,1.15,0.52,-1.56,-1.17
2023-07-14,959.00,959.00,959.00,959.00,,3.23%,3.23,1.15,-1.33,-0.74
2023-07-13,929.00,929.00,929.00,929.00,,0.87%,0.87,3.23,0.52,-1.56
2023-07-12,921.00,921.00,921.00,921.00,,-0.22%,-0.22,0.87,1.15,-1.33
2023-07-11,923.00,923.00,923.00,923.00,,-0.22%,-0.22,-0.22,3.23,0.52
2023-07-10,925.00,925.00,925.00,925.00,,-0.96%,-0.96,-0.22,0.87,1.15
2023-07-07,934.00,934.00,934.00,934.00,,-1.16%,-1.16,-0.96,-0.22,3.23
2023-07-06,945.00,945.00,945.00,945.00,,-2.98%,-2.98,-1.16,-0.22,0.87
2023-07-05,974.00,974.00,974.00,974.00,,-1.42%,-1.42,-2.98,-0.96,-0.22
2023-07-04,988.00,988.00,988.00,988.00,,-1.50%,-1.5,-1.42,-1.16,-0.22
2023-07-03,"1,003.00","1,003.00","1,003.00","1,003.00",,-1.08%,-1.08,-1.5,-2.98,-0.96
2023-06-30,"1,014.00","1,014.00","1,014.00","1,014.00",,0.60%,0.6,-1.08,-1.42,-1.16
2023-06-29,"1,008.00","1,008.00","1,008.00","1,008.00",,-0.88%,-0.88,0.6,-1.5,-2.98
2023-06-28,"1,017.00","1,017.00","1,017.00","1,017.00",,-2.77%,-2.77,-0.88,-1.08,-1.42
2023-06-27,"1,046.00","1,046.00","1,046.00","1,046.00",,-1.13%,-1.13,-2.77,0.6,-1.5
2023-06-26,"1,058.00","1,058.00","1,058.00","1,058.00",,-1.12%,-1.12,-1.13,-0.88,-1.08
2023-06-23,"1,070.00","1,070.00","1,070.00","1,070.00",,-2.99%,-2.99,-1.12,-2.77,0.6
2023-06-22,"1,103.00","1,103.00","1,103.00","1,103.00",,-3.33%,-3.33,-2.99,-1.13,-0.88
2023-06-21,"1,141.00","1,141.00","1,141.00","1,141.00",,-3.39%,-3.39,-3.33,-1.12,-2.77
2023-06-20,"1,181.00","1,181.00","1,181.00","1,181.00",,-0.25%,-0.25,-3.39,-2.99,-1.13
2023-06-19,"1,184.00","1,184.00","1,184.00","1,184.00",,0.77%,0.77,-0.25,-3.33,-1.12
2023-06-16,"1,175.00","1,175.00","1,175.00","1,175.00",,2.35%,2.35,0.77,-3.39,-2.99
2023-06-15,"1,148.00","1,148.00","1,148.00","1,148.00",,0.70%,0.7,2.35,-0.25,-3.33
2023-06-14,"1,140.00","1,140.00","1,140.00","1,140.00",,2.61%,2.61,0.7,0.77,-3.39
2023-06-13,"1,111.00","1,111.00","1,111.00","1,111.00",,2.30%,2.3,2.61,2.35,-0.25
2023-06-12,"1,086.00","1,086.00","1,086.00","1,086.00",,3.53%,3.53,2.3,0.7,0.77
2023-06-09,"1,049.00","1,049.00","1,049.00","1,049.00",,0.96%,0.96,3.53,2.61,2.35
2023-06-08,"1,039.00","1,039.00","1,039.00","1,039.00",,0.00%,0.0,0.96,2.3,0.7
2023-06-07,"1,039.00","1,039.00","1,039.00","1,039.00",,0.29%,0.29,0.0,3.53,2.61
2023-06-06,"1,036.00","1,036.00","1,036.00","1,036.00",,-0.48%,-0.48,0.29,0.96,2.3
2023-06-05,"1,041.00","1,041.00","1,041.00","1,041.00",,-2.53%,-2.53,-0.48,0.0,3.53
2023-06-02,"1,068.00","1,068.00","1,068.00","1,068.00",,-2.11%,-2.11,-2.53,0.29,0.96
2023-06-01,"1,091.00","1,091.00","1,091.00","1,091.00",,-1.27%,-1.27,-2.11,-0.48,0.0
2023-05-31,"1,105.00","1,105.00","1,105.00","1,105.00",,-1.69%,-1.69,-1.27,-2.53,0.29
2023-05-30,"1,124.00","1,124.00","1,124.00","1,124.00",,-2.77%,-2.77,-1.69,-2.11,-0.48
2023-05-26,"1,156.00","1,156.00","1,156.00","1,156.00",,-6.62%,-6.62,-2.77,-1.27,-2.53
2023-05-25,"1,238.00","1,238.00","1,238.00","1,238.00",,-1.51%,-1.51,-6.62,-1.69,-2.11
2023-05-24,"1,257.00","1,257.00","1,257.00","1,257.00",,-0.87%,-0.87,-1.51,-2.77,-1.27
2023-05-23,"1,268.00","1,268.00","1,268.00","1,268.00",,-0.63%,-0.63,-0.87,-6.62,-1.69
2023-05-22,"1,276.00","1,276.00","1,276.00","1,276.00",,-2.30%,-2.3,-0.63,-1.51,-2.77
2023-05-19,"1,306.00","1,306.00","1,306.00","1,306.00",,-0.46%,-0.46,-2.3,-0.87,-6.62
2023-05-18,"1,312.00","1,312.00","1,312.00","1,312.00",,-0.46%,-0.46,-0.46,-0.63,-1.51
2023-05-17,"1,318.00","1,318.00","1,318.00","1,318.00",,1.46%,1.46,-0.46,-2.3,-0.87
2023-05-16,"1,299.00","1,299.00","1,299.00","1,299.00",,1.48%,1.48,1.46,-0.46,-0.63
2023-05-15,"1,280.00","1,280.00","1,280.00","1,280.00",,2.24%,2.24,1.48,-0.46,-2.3
2023-05-12,"1,252.00","1,252.00","1,252.00","1,252.00",,2.79%,2.79,2.24,1.46,-0.46
2023-05-11,"1,218.00","1,218.00","1,218.00","1,218.00",,5.09%,5.09,2.79,1.48,-0.46
2023-05-10,"1,159.00","1,159.00","1,159.00","1,159.00",,7.31%,7.31,5.09,2.24,1.46
2023-05-09,"1,080.00","1,080.00","1,080.00","1,080.00",,0.75%,0.75,7.31,2.79,1.48
2023-05-05,"1,072.00","1,072.00","1,072.00","1,072.00",,-0.46%,-0.46,0.75,5.09,2.24
2023-05-04,"1,077.00","1,077.00","1,077.00","1,077.00",,1.51%,1.51,-0.46,7.31,2.79
2023-05-03,"1,061.00","1,061.00","1,061.00","1,061.00",,2.71%,2.71,1.51,0.75,5.09
2023-05-02,"1,033.00","1,033.00","1,033.00","1,033.00",,-1.24%,-1.24,2.71,-0.46,7.31
2023-04-28,"1,046.00","1,046.00","1,046.00","1,046.00",,-0.66%,-0.66,-1.24,1.51,0.75
2023-04-27,"1,053.00","1,053.00","1,053.00","1,053.00",,-1.40%,-1.4,-0.66,2.71,-0.46
2023-04-26,"1,068.00","1,068.00","1,068.00","1,068.00",,-4.47%,-4.47,-1.4,-1.24,1.51
2023-04-25,"1,118.00","1,118.00","1,118.00","1,118.00",,-1.67%,-1.67,-4.47,-0.66,2.71
2023-04-24,"1,137.00","1,137.00","1,137.00","1,137.00",,-0.79%,-0.79,-1.67,-1.4,-1.24
2023-04-21,"1,146.00","1,146.00","1,146.00","1,146.00",,0.00%,0.0,-0.79,-4.47,-0.66
2023-04-20,"1,146.00","1,146.00","1,146.00","1,146.00",,-2.39%,-2.39,0.0,-1.67,-1.4
2023-04-19,"1,174.00","1,174.00","1,174.00","1,174.00",,-1.92%,-1.92,-2.39,-0.79,-4.47
2023-04-18,"1,197.00","1,197.00","1,197.00","1,197.00",,-1.80%,-1.8,-1.92,0.0,-1.67
2023-04-17,"1,219.00","1,219.00","1,219.00","1,219.00",,-1.85%,-1.85,-1.8,-2.39,-0.79
2023-04-14,"1,242.00","1,242.00","1,242.00","1,242.00",,-1.11%,-1.11,-1.85,-1.92,0.0
2023-04-13,"1,256.00","1,256.00","1,256.00","1,256.00",,-1.57%,-1.57,-1.11,-1.8,-2.39
2023-04-12,"1,276.00","1,276.00","1,276.00","1,276.00",,-1.47%,-1.47,-1.57,-1.85,-1.92
2023-04-11,"1,295.00","1,295.00","1,295.00","1,295.00",,-1.82%,-1.82,-1.47,-1.11,-1.8
2023-04-06,"1,319.00","1,319.00","1,319.00","1,319.00",,-0.98%,-0.98,-1.82,-1.57,-1.85
2023-04-05,"1,332.00","1,332.00","1,332.00","1,332.00",,-0.15%,-0.15,-0.98,-1.47,-1.11
2023-04-04,"1,334.00","1,334.00","1,334.00","1,334.00",,-2.13%,-2.13,-0.15,-1.82,-1.57
2023-04-03,"1,363.00","1,363.00","1,363.00","1,363.00",,-4.55%,-4.55,-2.13,-0.98,-1.47
2023-03-31,"1,428.00","1,428.00","1,428.00","1,428.00",,-3.58%,-3.58,-4.55,-0.15,-1.82
2023-03-30,"1,481.00","1,481.00","1,481.00","1,481.00",,-1.79%,-1.79,-3.58,-2.13,-0.98
2023-03-29,"1,508.00","1,508.00","1,508.00","1,508.00",,-2.39%,-2.39,-1.79,-4.55,-0.15
2023-03-28,"1,545.00","1,545.00","1,545.00","1,545.00",,-2.65%,-2.65,-2.39,-3.58,-2.13
2023-03-27,"1,587.00","1,587.00","1,587.00","1,587.00",,-2.16%,-2.16,-2.65,-1.79,-4.55
2023-03-24,"1,622.00","1,622.00","1,622.00","1,622.00",,-1.22%,-1.22,-2.16,-2.39,-3.58
2023-03-23,"1,642.00","1,642.00","1,642.00","1,642.00",,-0.36%,-0.36,-1.22,-2.65,-1.79
2023-03-22,"1,648.00","1,648.00","1,648.00","1,648.00",,0.37%,0.37,-0.36,-2.16,-2.39
2023-03-21,"1,642.00","1,642.00","1,642.00","1,642.00",,1.92%,1.92,0.37,-1.22,-2.65
2023-03-20,"1,611.00","1,611.00","1,611.00","1,611.00",,2.03%,2.03,1.92,-0.36,-2.16
2023-03-17,"1,579.00","1,579.00","1,579.00","1,579.00",,2.47%,2.47,2.03,0.37,-1.22
2023-03-16,"1,541.00","1,541.00","1,541.00","1,541.00",,1.65%,1.65,2.47,1.92,-0.36
2023-03-15,"1,516.00","1,516.00","1,516.00","1,516.00",,2.43%,2.43,1.65,2.03,0.37
2023-03-14,"1,480.00","1,480.00","1,480.00","1,480.00",,0.14%,0.14,2.43,2.47,1.92
2023-03-13,"1,478.00","1,478.00","1,478.00","1,478.00",,-0.61%,-0.61,0.14,1.65,2.03
2023-03-10,"1,487.00","1,487.00","1,487.00","1,487.00",,-1.59%,-1.59,-0.61,2.43,2.47
2023-03-09,"1,511.00","1,511.00","1,511.00","1,511.00",,1.07%,1.07,-1.59,0.14,1.65
2023-03-08,"1,495.00","1,495.00","1,495.00","1,495.00",,0.54%,0.54,1.07,-0.61,2.43
2023-03-07,"1,487.00","1,487.00","1,487.00","1,487.00",,0.13%,0.13,0.54,-1.59,0.14
2023-03-06,"1,485.00","1,485.00","1,485.00","1,485.00",,0.13%,0.13,0.13,1.07,-0.61
2023-03-03,"1,483.00","1,483.00","1,483.00","1,483.00",,0.75%,0.75,0.13,0.54,-1.59
2023-03-02,"1,472.00","1,472.00","1,472.00","1,472.00",,1.17%,1.17,0.75,0.13,1.07
2023-03-01,"1,455.00","1,455.00","1,455.00","1,455.00",,2.90%,2.9,1.17,0.13,0.54
2023-02-28,"1,414.00","1,414.00","1,414.00","1,414.00",,3.74%,3.74,2.9,0.75,0.13
2023-02-27,"1,363.00","1,363.00","1,363.00","1,363.00",,1.87%,1.87,3.74,1.17,0.13
2023-02-24,"1,338.00","1,338.00","1,338.00","1,338.00",,1.06%,1.06,1.87,2.9,0.75
2023-02-23,"1,324.00","1,324.00","1,324.00","1,324.00",,1.53%,1.53,1.06,3.74,1.17
2023-02-22,"1,304.00","1,304.00","1,304.00","1,304.00",,-0.15%,-0.15,1.53,1.87,2.9
2023-02-21,"1,306.00","1,306.00","1,306.00","1,306.00",,2.19%,2.19,-0.15,1.06,3.74
2023-02-20,"1,278.00","1,278.00","1,278.00","1,278.00",,1.35%,1.35,2.19,1.53,1.87
2023-02-17,"1,261.00","1,261.00","1,261.00","1,261.00",,1.37%,1.37,1.35,-0.15,1.06
2023-02-16,"1,244.00","1,244.00","1,244.00","1,244.00",,2.64%,2.64,1.37,2.19,1.53
2023-02-15,"1,212.00","1,212.00","1,212.00","1,212.00",,0.75%,0.75,2.64,1.35,-0.15
2023-02-14,"1,203.00","1,203.00","1,203.00","1,203.00",,-0.08%,-0.08,0.75,1.37,2.19
2023-02-13,"1,204.00","1,204.00","1,204.00","1,204.00",,-0.17%,-0.17,-0.08,2.64,1.35
2023-02-10,"1,206.00","1,206.00","1,206.00","1,206.00",,0.08%,0.08,-0.17,0.75,1.37
2023-02-09,"1,205.00","1,205.00","1,205.00","1,205.00",,-0.66%,-0.66,0.08,-0.08,2.64
2023-02-08,"1,213.00","1,213.00","1,213.00","1,213.00",,-0.41%,-0.41,-0.66,-0.17,0.75
2023-02-07,"1,218.00","1,218.00","1,218.00","1,218.00",,-0.49%,-0.49,-0.41,0.08,-0.08
2023-02-06,"1,224.00","1,224.00","1,224.00","1,224.00",,-1.21%,-1.21,-0.49,-0.66,-0.17
2023-02-03,"1,239.00","1,239.00","1,239.00","1,239.00",,-1.35%,-1.35,-1.21,-0.41,0.08
2023-02-02,"1,256.00","1,256.00","1,256.00","1,256.00",,-0.32%,-0.32,-1.35,-0.49,-0.66
2023-02-01,"1,260.00","1,260.00","1,260.00","1,260.00",,-1.18%,-1.18,-0.32,-1.21,-0.41
2023-01-31,"1,275.00","1,275.00","1,275.00","1,275.00",,-2.07%,-2.07,-1.18,-1.35,-0.49
2023-01-30,"1,302.00","1,302.00","1,302.00","1,302.00",,-1.59%,-1.59,-2.07,-0.32,-1.21
2023-01-27,"1,323.00","1,323.00","1,323.00","1,323.00",,-0.97%,-0.97,-1.59,-1.18,-1.35
2023-01-26,"1,336.00","1,336.00","1,336.00","1,336.00",,-1.26%,-1.26,-0.97,-2.07,-0.32
2023-01-25,"1,353.00","1,353.00","1,353.00","1,353.00",,-2.24%,-2.24,-1.26,-1.59,-1.18
2023-01-24,"1,384.00","1,384.00","1,384.00","1,384.00",,-1.91%,-1.91,-2.24,-0.97,-2.07
2023-01-23,"1,411.00","1,411.00","1,411.00","1,411.00",,-0.28%,-0.28,-1.91,-1.26,-1.59
2023-01-20,"1,415.00","1,415.00","1,415.00","1,415.00",,0.21%,0.21,-0.28,-2.24,-0.97
2023-01-19,"1,412.00","1,412.00","1,412.00","1,412.00",,-0.63%,-0.63,0.21,-1.91,-1.26
2023-01-18,"1,421.00","1,421.00","1,421.00","1,421.00",,-0.42%,-0.42,-0.63,-0.28,-2.24
2023-01-17,"1,427.00","1,427.00","1,427.00","1,427.00",,-1.25%,-1.25,-0.42,0.21,-1.91
2023-01-16,"1,445.00","1,445.00","1,445.00","1,445.00",,0.00%,0.0,-1.25,-0.63,-0.28
2023-01-13,"1,445.00","1,445.00","1,445.00","1,445.00",,0.28%,0.28,0.0,-0.42,0.21
2023-01-12,"1,441.00","1,441.00","1,441.00","1,441.00",,0.98%,0.98,0.28,-1.25,-0.63
2023-01-11,"1,427.00","1,427.00","1,427.00","1,427.00",,0.28%,0.28,0.98,0.0,-0.42
2023-01-10,"1,423.00","1,423.00","1,423.00","1,423.00",,2.23%,2.23,0.28,0.28,-1.25
2023-01-09,"1,392.00","1,392.00","1,392.00","1,392.00",,0.07%,0.07,2.23,0.98,0.0
2023-01-06,"1,391.00","1,391.00","1,391.00","1,391.00",,-0.36%,-0.36,0.07,0.28,0.28
2023-01-05,"1,396.00","1,396.00","1,396.00","1,396.00",,-2.38%,-2.38,-0.36,2.23,0.98
2023-01-04,"1,430.00","1,430.00","1,430.00","1,430.00",,-2.39%,-2.39,-2.38,0.07,0.28
2023-01-03,"1,465.00","1,465.00","1,465.00","1,465.00",,-21.78%,-21.78,-2.39,-0.36,2.23
2022-12-23,"1,873.00","1,873.00","1,873.00","1,873.00",,-0.74%,-0.74,-21.78,-2.38,0.07
2022-12-22,"1,887.00","1,887.00","1,887.00","1,887.00",,-1.77%,-1.77,-0.74,-2.39,-0.36
2022-12-21,"1,921.00","1,921.00","1,921.00","1,921.00",,-1.54%,-1.54,-1.77,-21.78,-2.38
2022-12-20,"1,951.00","1,951.00","1,951.00","1,951.00",,-4.50%,-4.5,-1.54,-0.74,-2.39
2022-12-19,"2,043.00","2,043.00","2,043.00","2,043.00",,-1.68%,-1.68,-4.5,-1.77,-21.78
2022-12-16,"2,078.00","2,078.00","2,078.00","2,078.00",,-0.67%,-0.67,-1.68,-1.54,-0.74
2022-12-15,"2,092.00","2,092.00","2,092.00","2,092.00",,0.63%,0.63,-0.67,-4.5,-1.77
2022-12-14,"2,079.00","2,079.00","2,079.00","2,079.00",,-0.34%,-0.34,0.63,-1.68,-1.54
2022-12-13,"2,086.00","2,086.00","2,086.00","2,086.00",,-0.95%,-0.95,-0.34,-0.67,-4.5
2022-12-12,"2,106.00","2,106.00","2,106.00","2,106.00",,-0.19%,-0.19,-0.95,0.63,-1.68
2022-12-09,"2,110.00","2,110.00","2,110.00","2,110.00",,1.01%,1.01,-0.19,-0.34,-0.67
2022-12-08,"2,089.00",0.00,0.00,0.00,,-0.29%,-0.29,1.01,-0.95,0.63
2022-12-07,"2,095.00","2,095.00","2,095.00","2,095.00",,-0.80%,-0.8,-0.29,-0.19,-0.34
2022-12-06,"2,112.00","2,112.00","2,112.00","2,112.00",,-3.83%,-3.83,-0.8,1.01,-0.95
2022-12-05,"2,196.00","2,196.00","2,196.00","2,196.00",,-1.08%,-1.08,-3.83,-0.29,-0.19
2022-12-02,"2,220.00","2,220.00","2,220.00","2,220.00",,-1.77%,-1.77,-1.08,-0.8,1.01
2022-12-01,"2,260.00","2,260.00","2,260.00","2,260.00",,-3.95%,-3.95,-1.77,-3.83,-0.29
2022-11-30,"2,353.00","2,353.00","2,353.00","2,353.00",,-3.29%,-3.29,-3.95,-1.08,-0.8
2022-11-29,"2,433.00","2,433.00","2,433.00","2,433.00",,-1.42%,-1.42,-3.29,-1.77,-3.83
2022-11-28,"2,468.00","2,468.00","2,468.00","2,468.00",,-1.04%,-1.04,-1.42,-3.95,-1.08
2022-11-25,"2,494.00","2,494.00","2,494.00","2,494.00",,0.28%,0.28,-1.04,-3.29,-1.77
2022-11-24,"2,487.00","2,487.00","2,487.00","2,487.00",,-0.32%,-0.32,0.28,-1.42,-3.95
2022-11-23,"2,495.00","2,495.00","2,495.00","2,495.00",,-0.04%,-0.04,-0.32,-1.04,-3.29
2022-11-22,"2,496.00","2,496.00","2,496.00","2,496.00",,1.50%,1.5,-0.04,0.28,-1.42
2022-11-21,"2,459.00","2,459.00","2,459.00","2,459.00",,3.97%,3.97,1.5,-0.32,-1.04
2022-11-18,"2,365.00","2,365.00","2,365.00","2,365.00",,7.65%,7.65,3.97,-0.04,0.28
2022-11-17,"2,197.00","2,197.00","2,197.00","2,197.00",,8.07%,8.07,7.65,1.5,-0.32
2022-11-16,"2,033.00","2,033.00","2,033.00","2,033.00",,3.67%,3.67,8.07,3.97,-0.04
2022-11-15,"1,961.00","1,961.00","1,961.00","1,961.00",,2.89%,2.89,3.67,7.65,1.5
2022-11-14,"1,906.00","1,906.00","1,906.00","1,906.00",,0.63%,0.63,2.89,8.07,3.97
2022-11-11,"1,894.00","1,894.00","1,894.00","1,894.00",,0.48%,0.48,0.63,3.67,7.65
2022-11-10,"1,885.00","1,885.00","1,885.00","1,885.00",,0.59%,0.59,0.48,2.89,8.07
2022-11-09,"1,874.00","1,874.00","1,874.00","1,874.00",,0.92%,0.92,0.59,0.63,3.67
2022-11-08,"1,857.00","1,857.00","1,857.00","1,857.00",,0.81%,0.81,0.92,0.48,2.89
2022-11-07,"1,842.00","1,842.00","1,842.00","1,842.00",,0.33%,0.33,0.81,0.59,0.63
2022-11-04,"1,836.00","1,836.00","1,836.00","1,836.00",,0.44%,0.44,0.33,0.92,0.48
2022-11-03,"1,828.00","1,828.00","1,828.00","1,828.00",,0.49%,0.49,0.44,0.81,0.59
2022-11-02,"1,819.00","1,819.00","1,819.00","1,819.00",,0.44%,0.44,0.49,0.33,0.92
2022-11-01,"1,811.00","1,811.00","1,811.00","1,811.00",,-0.88%,-0.88,0.44,0.44,0.81
2022-10-31,"1,827.00","1,827.00","1,827.00","1,827.00",,0.22%,0.22,-0.88,0.49,0.33
2022-10-28,"1,823.00","1,823.00","1,823.00","1,823.00",,0.39%,0.39,0.22,0.44,0.44
2022-10-27,"1,816.00","1,816.00","1,816.00","1,816.00",,0.67%,0.67,0.39,-0.88,0.49
2022-10-26,"1,804.00","1,804.00","1,804.00","1,804.00",,0.61%,0.61,0.67,0.22,0.44
2022-10-25,"1,793.00","1,793.00","1,793.00","1,793.00",,0.11%,0.11,0.61,0.39,-0.88
2022-10-24,"1,791.00","1,791.00","1,791.00","1,791.00",,3.11%,3.11,0.11,0.67,0.22
2022-10-21,"1,737.00","1,737.00","1,737.00","1,737.00",,0.70%,0.7,3.11,0.61,0.39
2022-10-20,"1,725.00","1,725.00","1,725.00","1,725.00",,0.88%,0.88,0.7,0.11,0.67
2022-10-19,"1,710.00","1,710.00","1,710.00","1,710.00",,1.00%,1.0,0.88,3.11,0.61
2022-10-18,"1,693.00","1,693.00","1,693.00","1,693.00",,4.44%,4.44,1.0,0.7,0.11
2022-10-17,"1,621.00","1,621.00","1,621.00","1,621.00",,4.31%,4.31,4.44,0.88,3.11
2022-10-14,"1,554.00","1,554.00","1,554.00","1,554.00",,2.64%,2.64,4.31,1.0,0.7
2022-10-13,"1,514.00","1,514.00","1,514.00","1,514.00",,2.23%,2.23,2.64,4.44,0.88
2022-10-12,"1,481.00","1,481.00","1,481.00","1,481.00",,1.09%,1.09,2.23,4.31,1.0
2022-10-11,"1,465.00","1,465.00","1,465.00","1,465.00",,0.41%,0.41,1.09,2.64,4.44
2022-10-10,"1,459.00","1,459.00","1,459.00","1,459.00",,-0.14%,-0.14,0.41,2.23,4.31
2022-10-07,"1,461.00","1,461.00","1,461.00","1,461.00",,0.00%,0.0,-0.14,1.09,2.64
2022-10-06,"1,461.00","1,461.00","1,461.00","1,461.00",,0.27%,0.27,0.0,0.41,2.23
2022-10-05,"1,457.00","1,457.00","1,457.00","1,457.00",,-0.34%,-0.34,0.27,-0.14,1.09
2022-10-04,"1,462.00","1,462.00","1,462.00","1,462.00",,-0.95%,-0.95,-0.34,0.0,0.41
2022-10-03,"1,476.00","1,476.00","1,476.00","1,476.00",,-0.07%,-0.07,-0.95,0.27,-0.14
2022-09-30,"1,477.00","1,477.00","1,477.00","1,477.00",,-0.47%,-0.47,-0.07,-0.34,0.0
2022-09-29,"1,484.00","1,484.00","1,484.00","1,484.00",,-0.87%,-0.87,-0.47,-0.95,0.27
2022-09-28,"1,497.00","1,497.00","1,497.00","1,497.00",,-0.60%,-0.6,-0.87,-0.07,-0.34
2022-09-27,"1,506.00","1,506.00","1,506.00","1,506.00",,-0.07%,-0.07,-0.6,-0.47,-0.95
2022-09-26,"1,507.00","1,507.00","1,507.00","1,507.00",,0.60%,0.6,-0.07,-0.87,-0.07
2022-09-23,"1,498.00","1,498.00","1,498.00","1,498.00",,0.07%,0.07,0.6,-0.6,-0.47
2022-09-22,"1,497.00","1,497.00","1,497.00","1,497.00",,-0.27%,-0.27,0.07,-0.07,-0.87
2022-09-21,"1,501.00","1,501.00","1,501.00","1,501.00",,-0.46%,-0.46,-0.27,0.6,-0.6
2022-09-20,"1,508.00","1,508.00","1,508.00","1,508.00",,1.07%,1.07,-0.46,0.07,-0.07
2022-09-16,"1,492.00","1,492.00","1,492.00","1,492.00",,1.91%,1.91,1.07,-0.27,0.6
2022-09-15,"1,464.00","1,464.00","1,464.00","1,464.00",,0.21%,0.21,1.91,-0.46,0.07
2022-09-14,"1,461.00","1,461.00","1,461.00","1,461.00",,0.41%,0.41,0.21,1.07,-0.27
2022-09-13,"1,455.00","1,455.00","1,455.00","1,455.00",,1.11%,1.11,0.41,1.91,-0.46
2022-09-12,"1,439.00","1,439.00","1,439.00","1,439.00",,0.49%,0.49,1.11,0.21,1.07
2022-09-09,"1,432.00","1,432.00","1,432.00","1,432.00",,1.13%,1.13,0.49,0.41,1.91
2022-09-08,"1,416.00","1,416.00","1,416.00","1,416.00",,-0.28%,-0.28,1.13,1.11,0.21
2022-09-07,"1,420.00","1,420.00","1,420.00","1,420.00",,-1.32%,-1.32,-0.28,0.49,0.41
2022-09-06,"1,439.00","1,439.00","1,439.00","1,439.00",,-2.18%,-2.18,-1.32,1.13,1.11
2022-09-05,"1,471.00","1,471.00","1,471.00","1,471.00",,-1.21%,-1.21,-2.18,-0.28,0.49
2022-09-02,"1,489.00","1,489.00","1,489.00","1,489.00",,-1.00%,-1.0,-1.21,-1.32,1.13
2022-09-01,"1,504.00","1,504.00","1,504.00","1,504.00",,-0.53%,-0.53,-1.0,-2.18,-0.28
2022-08-31,"1,512.00","1,512.00","1,512.00","1,512.00",,-0.92%,-0.92,-0.53,-1.21,-1.32
2022-08-30,"1,526.00","1,526.00","1,526.00","1,526.00",,-1.80%,-1.8,-0.92,-1.0,-2.18
2022-08-26,"1,554.00","1,554.00","1,554.00","1,554.00",,0.26%,0.26,-1.8,-0.53,-1.21
2022-08-25,"1,550.00","1,550.00","1,550.00","1,550.00",,0.52%,0.52,0.26,-0.92,-1.0
2022-08-24,"1,542.00","1,542.00","1,542.00","1,542.00",,-0.45%,-0.45,0.52,-1.8,-0.53
2022-08-23,"1,549.00","1,549.00","1,549.00","1,549.00",,0.06%,0.06,-0.45,0.26,-0.92
2022-08-22,"1,548.00","1,548.00","1,548.00","1,548.00",,-0.39%,-0.39,0.06,0.52,-1.8
2022-08-19,"1,554.00",0.00,0.00,0.00,,0.06%,0.06,-0.39,-0.45,0.26
2022-08-18,"1,553.00","1,553.00","1,553.00","1,553.00",,0.39%,0.39,0.06,0.06,0.52
2022-08-17,"1,547.00","1,547.00","1,547.00","1,547.00",,2.11%,2.11,0.39,-0.39,-0.45
2022-08-16,"1,515.00","1,515.00","1,515.00","1,515.00",,1.81%,1.81,2.11,0.06,0.06
2022-08-15,"1,488.00","1,488.00","1,488.00","1,488.00",,0.88%,0.88,1.81,0.39,-0.39
2022-08-12,"1,475.00","1,475.00","1,475.00","1,475.00",,0.41%,0.41,0.88,2.11,0.06
2022-08-11,"1,469.00","1,469.00","1,469.00","1,469.00",,0.41%,0.41,0.41,1.81,0.39
2022-08-10,"1,463.00","1,463.00","1,463.00","1,463.00",,0.55%,0.55,0.41,0.88,2.11
2022-08-09,"1,455.00","1,455.00","1,455.00","1,455.00",,0.28%,0.28,0.55,0.41,1.81
2022-08-08,"1,451.00","1,451.00","1,451.00","1,451.00",,0.21%,0.21,0.28,0.41,0.88
2022-08-05,"1,448.00","1,448.00","1,448.00","1,448.00",,0.77%,0.77,0.21,0.55,0.41
2022-08-04,"1,437.00","1,437.00","1,437.00","1,437.00",,-1.17%,-1.17,0.77,0.28,0.41
2022-08-03,"1,454.00","1,454.00","1,454.00","1,454.00",,-1.36%,-1.36,-1.17,0.21,0.55
2022-08-02,"1,474.00","1,474.00","1,474.00","1,474.00",,0.14%,0.14,-1.36,0.77,0.28
2022-08-01,"1,472.00","1,472.00","1,472.00","1,472.00",,0.41%,0.41,0.14,-1.17,0.21
2022-07-29,"1,466.00","1,466.00","1,466.00","1,466.00",,1.66%,1.66,0.41,-1.36,0.77
2022-07-28,"1,442.00","1,442.00","1,442.00","1,442.00",,-0.28%,-0.28,1.66,0.14,-1.17
2022-07-27,"1,446.00","1,446.00","1,446.00","1,446.00",,-1.50%,-1.5,-0.28,0.41,-1.36
2022-07-26,"1,468.00","1,468.00","1,468.00","1,468.00",,-1.01%,-1.01,-1.5,1.66,0.14
2022-07-25,"1,483.00","1,483.00","1,483.00","1,483.00",,-0.13%,-0.13,-1.01,-0.28,0.41
2022-07-22,"1,485.00","1,485.00","1,485.00","1,485.00",,0.27%,0.27,-0.13,-1.5,1.66
2022-07-21,"1,481.00","1,481.00","1,481.00","1,481.00",,0.95%,0.95,0.27,-1.01,-0.28
2022-07-20,"1,467.00","1,467.00","1,467.00","1,467.00",,1.31%,1.31,0.95,-0.13,-1.5
2022-07-19,"1,448.00","1,448.00","1,448.00","1,448.00",,2.48%,2.48,1.31,0.27,-1.01
2022-07-18,"1,413.00","1,413.00","1,413.00","1,413.00",,3.21%,3.21,2.48,0.95,-0.13
2022-07-15,"1,369.00","1,369.00","1,369.00","1,369.00",,0.00%,0.0,3.21,1.31,0.27
2022-07-14,"1,369.00","1,369.00","1,369.00","1,369.00",,-0.65%,-0.65,0.0,2.48,0.95
2022-07-13,"1,378.00","1,378.00","1,378.00","1,378.00",,0.36%,0.36,-0.65,3.21,1.31
2022-07-12,"1,373.00","1,373.00","1,373.00","1,373.00",,0.73%,0.73,0.36,0.0,2.48
2022-07-11,"1,363.00","1,363.00","1,363.00","1,363.00",,2.25%,2.25,0.73,-0.65,3.21
2022-07-08,"1,333.00","1,333.00","1,333.00","1,333.00",,3.65%,3.65,2.25,0.36,0.0
2022-07-07,"1,286.00","1,286.00","1,286.00","1,286.00",,2.06%,2.06,3.65,0.73,-0.65
2022-07-06,"1,260.00","1,260.00","1,260.00","1,260.00",,2.77%,2.77,2.06,2.25,0.36
2022-07-05,"1,226.00","1,226.00","1,226.00","1,226.00",,0.33%,0.33,2.77,3.65,0.73
2022-07-04,"1,222.00","1,222.00","1,222.00","1,222.00",,-0.16%,-0.16,0.33,2.06,2.25
2022-07-01,"1,224.00","1,224.00","1,224.00","1,224.00",,-0.81%,-0.81,-0.16,2.77,3.65
2022-06-30,"1,234.00","1,234.00","1,234.00","1,234.00",,0.73%,0.73,-0.81,0.33,2.06
2022-06-29,"1,225.00","1,225.00","1,225.00","1,225.00",,1.07%,1.07,0.73,-0.16,2.77
2022-06-28,"1,212.00","1,212.00","1,212.00","1,212.00",,-0.25%,-0.25,1.07,-0.81,0.33
2022-06-27,"1,215.00","1,215.00","1,215.00","1,215.00",,-0.33%,-0.33,-0.25,0.73,-0.16
2022-06-24,"1,219.00","1,219.00","1,219.00","1,219.00",,-0.25%,-0.25,-0.33,1.07,-0.81
2022-06-23,"1,222.00","1,222.00","1,222.00","1,222.00",,0.66%,0.66,-0.25,-0.25,0.73
2022-06-22,"1,214.00","1,214.00","1,214.00","1,214.00",,0.58%,0.58,0.66,-0.33,1.07
2022-06-21,"1,207.00","1,207.00","1,207.00","1,207.00",,0.25%,0.25,0.58,-0.25,-0.25
2022-06-20,"1,204.00","1,204.00","1,204.00","1,204.00",,-0.08%,-0.08,0.25,0.66,-0.33
2022-06-17,"1,205.00","1,205.00","1,205.00","1,205.00",,0.50%,0.5,-0.08,0.58,-0.25
2022-06-16,"1,199.00","1,199.00","1,199.00","1,199.00",,2.65%,2.65,0.5,0.25,0.66
2022-06-15,"1,168.00","1,168.00","1,168.00","1,168.00",,1.83%,1.83,2.65,-0.08,0.58
2022-06-14,"1,147.00","1,147.00","1,147.00","1,147.00",,1.33%,1.33,1.83,0.5,0.25
2022-06-13,"1,132.00","1,132.00","1,132.00","1,132.00",,0.53%,0.53,1.33,2.65,-0.08
2022-06-10,"1,126.00","1,126.00","1,126.00","1,126.00",,3.02%,3.02,0.53,1.83,0.5
2022-06-09,"1,093.00","1,093.00","1,093.00","1,093.00",,0.28%,0.28,3.02,1.33,2.65
2022-06-08,"1,090.00","1,090.00","1,090.00","1,090.00",,0.09%,0.09,0.28,0.53,1.83
2022-06-07,"1,089.00","1,089.00","1,089.00","1,089.00",,0.09%,0.09,0.09,3.02,1.33
2022-06-06,"1,088.00","1,088.00","1,088.00","1,088.00",,-1.45%,-1.45,0.09,0.28,0.53
2022-06-01,"1,104.00","1,104.00","1,104.00","1,104.00",,-1.34%,-1.34,-1.45,0.09,3.02
2022-05-31,"1,119.00","1,119.00","1,119.00","1,119.00",,-0.18%,-0.18,-1.34,0.09,0.28
2022-05-30,"1,121.00","1,121.00","1,121.00","1,121.00",,-0.62%,-0.62,-0.18,-1.45,0.09
2022-05-27,"1,128.00","1,128.00","1,128.00","1,128.00",,0.18%,0.18,-0.62,-1.34,0.09
2022-05-26,"1,126.00","1,126.00","1,126.00","1,126.00",,0.36%,0.36,0.18,-0.18,-1.45
2022-05-25,"1,122.00","1,122.00","1,122.00","1,122.00",,0.27%,0.27,0.36,-0.62,-1.34
2022-05-24,"1,119.00","1,119.00","1,119.00","1,119.00",,0.45%,0.45,0.27,0.18,-0.18
2022-05-23,"1,114.00","1,114.00","1,114.00","1,114.00",,0.27%,0.27,0.45,0.36,-0.62
2022-05-20,"1,111.00","1,111.00","1,111.00","1,111.00",,0.91%,0.91,0.27,0.27,0.18
2022-05-19,"1,101.00","1,101.00","1,101.00","1,101.00",,1.66%,1.66,0.91,0.45,0.36
2022-05-18,"1,083.00","1,083.00","1,083.00","1,083.00",,-2.43%,-2.43,1.66,0.27,0.27
2022-05-17,"1,110.00","1,110.00","1,110.00","1,110.00",,-1.33%,-1.33,-2.43,0.91,0.45
2022-05-16,"1,125.00","1,125.00","1,125.00","1,125.00",,-0.71%,-0.71,-1.33,1.66,0.27
2022-05-13,"1,133.00","1,133.00","1,133.00","1,133.00",,-0.61%,-0.61,-0.71,-2.43,0.91
2022-05-12,"1,140.00","1,140.00","1,140.00","1,140.00",,-1.30%,-1.3,-0.61,-1.33,1.66
2022-05-11,"1,155.00","1,155.00","1,155.00","1,155.00",,-1.03%,-1.03,-1.3,-0.71,-2.43
2022-05-10,"1,167.00","1,167.00","1,167.00","1,167.00",,0.60%,0.6,-1.03,-0.61,-1.33
2022-05-09,"1,160.00","1,160.00","1,160.00","1,160.00",,-0.17%,-0.17,0.6,-1.3,-0.71
2022-05-06,"1,162.00","1,162.00","1,162.00","1,162.00",,-1.69%,-1.69,-0.17,-1.03,-0.61
2022-05-05,"1,182.00","1,182.00","1,182.00","1,182.00",,-3.59%,-3.59,-1.69,0.6,-1.3
2022-05-04,"1,226.00","1,226.00","1,226.00","1,226.00",,-0.57%,-0.57,-3.59,-0.17,-1.03
2022-05-03,"1,233.00","1,233.00","1,233.00","1,233.00",,-1.60%,-1.6,-0.57,-1.69,0.6
2022-04-29,"1,253.00","1,253.00","1,253.00","1,253.00",,0.64%,0.64,-1.6,-3.59,-0.17
2022-04-28,"1,245.00","1,245.00","1,245.00","1,245.00",,0.89%,0.89,0.64,-0.57,-1.69
2022-04-27,"1,234.00","1,234.00","1,234.00","1,234.00",,-4.78%,-4.78,0.89,-1.6,-3.59
2022-04-26,"1,296.00","1,296.00","1,296.00","1,296.00",,-6.22%,-6.22,-4.78,0.64,-0.57
2022-04-25,"1,382.00","1,382.00","1,382.00","1,382.00",,-5.67%,-5.67,-6.22,0.89,-1.6
2022-04-22,"1,465.00","1,465.00","1,465.00","1,465.00",,-3.49%,-3.49,-5.67,-4.78,0.64
2022-04-21,"1,518.00","1,518.00","1,518.00","1,518.00",,-4.47%,-4.47,-3.49,-6.22,0.89
2022-04-20,"1,589.00","1,589.00","1,589.00","1,589.00",,-5.42%,-5.42,-4.47,-5.67,-4.78
2022-04-19,"1,680.00","1,680.00","1,680.00","1,680.00",,-1.98%,-1.98,-5.42,-3.49,-6.22
2022-04-14,"1,714.00","1,714.00","1,714.00","1,714.00",,-0.81%,-0.81,-1.98,-4.47,-5.67
2022-04-13,"1,728.00","1,728.00","1,728.00","1,728.00",,-0.92%,-0.92,-0.81,-5.42,-3.49
2022-04-12,"1,744.00","1,744.00","1,744.00","1,744.00",,0.81%,0.81,-0.92,-1.98,-4.47
2022-04-11,"1,730.00","1,730.00","1,730.00","1,730.00",,3.16%,3.16,0.81,-0.81,-5.42
2022-04-08,"1,677.00","1,677.00","1,677.00","1,677.00",,1.45%,1.45,3.16,-0.92,-1.98
2022-04-07,"1,653.00","1,653.00","1,653.00","1,653.00",,6.85%,6.85,1.45,0.81,-0.81
2022-04-06,"1,547.00","1,547.00","1,547.00","1,547.00",,5.31%,5.31,6.85,3.16,-0.92
2022-04-05,"1,469.00","1,469.00","1,469.00","1,469.00",,7.30%,7.3,5.31,1.45,0.81
2022-04-04,"1,369.00","1,369.00","1,369.00","1,369.00",,3.63%,3.63,7.3,6.85,3.16
2022-04-01,"1,321.00","1,321.00","1,321.00","1,321.00",,3.28%,3.28,3.63,5.31,1.45
2022-03-31,"1,279.00","1,279.00","1,279.00","1,279.00",,4.58%,4.58,3.28,7.3,6.85
2022-03-30,"1,223.00","1,223.00","1,223.00","1,223.00",,5.16%,5.16,4.58,3.63,5.31
2022-03-29,"1,163.00","1,163.00","1,163.00","1,163.00",,1.93%,1.93,5.16,3.28,7.3
2022-03-28,"1,141.00","1,141.00","1,141.00","1,141.00",,2.61%,2.61,1.93,4.58,3.63
2022-03-25,"1,112.00","1,112.00","1,112.00","1,112.00",,1.74%,1.74,2.61,5.16,3.28
2022-03-24,"1,093.00","1,093.00","1,093.00","1,093.00",,0.00%,0.0,1.74,1.93,4.58
2022-03-23,"1,093.00","1,093.00","1,093.00","1,093.00",,0.09%,0.09,0.0,2.61,5.16
2022-03-22,"1,092.00","1,092.00","1,092.00","1,092.00",,-1.18%,-1.18,0.09,1.74,1.93
2022-03-21,"1,105.00","1,105.00","1,105.00","1,105.00",,-1.95%,-1.95,-1.18,0.0,2.61
2022-03-18,"1,127.00","1,127.00","1,127.00","1,127.00",,-8.00%,-8.0,-1.95,0.09,1.74
2022-03-17,"1,225.00","1,225.00","1,225.00","1,225.00",,-3.39%,-3.39,-8.0,-1.18,0.0
2022-03-16,"1,268.00","1,268.00","1,268.00","1,268.00",,-0.86%,-0.86,-3.39,-1.95,0.09
2022-03-15,"1,279.00","1,279.00","1,279.00","1,279.00",,-1.39%,-1.39,-0.86,-8.0,-1.18
2022-03-14,"1,297.00","1,297.00","1,297.00","1,297.00",,-1.14%,-1.14,-1.39,-3.39,-1.95
2022-03-11,"1,312.00","1,312.00","1,312.00","1,312.00",,-1.58%,-1.58,-1.14,-0.86,-8.0
2022-03-10,"1,333.00","1,333.00","1,333.00","1,333.00",,-1.19%,-1.19,-1.58,-1.39,-3.39
2022-03-09,"1,349.00","1,349.00","1,349.00","1,349.00",,-5.27%,-5.27,-1.19,-1.14,-0.86
2022-03-08,"1,424.00","1,424.00","1,424.00","1,424.00",,-6.13%,-6.13,-5.27,-1.58,-1.39
2022-03-07,"1,517.00","1,517.00","1,517.00","1,517.00",,2.92%,2.92,-6.13,-1.19,-1.14
2022-03-04,"1,474.00","1,474.00","1,474.00","1,474.00",,-1.54%,-1.54,2.92,-5.27,-1.58
2022-03-03,"1,497.00","1,497.00","1,497.00","1,497.00",,2.11%,2.11,-1.54,-6.13,-1.19
2022-03-02,"1,466.00","1,466.00","1,466.00","1,466.00",,1.17%,1.17,2.11,2.92,-5.27
2022-03-01,"1,449.00","1,449.00","1,449.00","1,449.00",,7.89%,7.89,1.17,-1.54,-6.13
2022-02-28,"1,343.00","1,343.00","1,343.00","1,343.00",,17.09%,17.09,7.89,2.11,2.92
2022-02-25,"1,147.00","1,147.00","1,147.00","1,147.00",,26.88%,26.88,17.09,1.17,-1.54
2022-02-24,904.00,904.00,904.00,904.00,,24.69%,24.69,26.88,7.89,2.11
2022-02-23,725.00,725.00,725.00,725.00,,1.40%,1.4,24.69,17.09,1.17
2022-02-22,715.00,715.00,715.00,715.00,,1.27%,1.27,1.4,26.88,7.89
2022-02-21,706.00,706.00,706.00,706.00,,1.00%,1.0,1.27,24.69,17.09
2022-02-18,699.00,699.00,699.00,699.00,,0.72%,0.72,1.0,1.4,26.88
2022-02-17,694.00,694.00,694.00,694.00,,0.29%,0.29,0.72,1.27,24.69
2022-02-16,692.00,692.00,692.00,692.00,,0.14%,0.14,0.29,1.0,1.4
2022-02-15,691.00,691.00,691.00,691.00,,0.14%,0.14,0.14,0.72,1.27
2022-02-14,690.00,690.00,690.00,690.00,,0.44%,0.44,0.14,0.29,1.0
2022-02-11,687.00,687.00,687.00,687.00,,0.88%,0.88,0.44,0.14,0.72
2022-02-10,681.00,681.00,681.00,681.00,,-0.15%,-0.15,0.88,0.14,0.29
2022-02-09,682.00,682.00,682.00,682.00,,0.15%,0.15,-0.15,0.44,0.14
2022-02-08,681.00,681.00,681.00,681.00,,-0.15%,-0.15,0.15,0.88,0.14
2022-02-07,682.00,682.00,682.00,682.00,,0.44%,0.44,-0.15,-0.15,0.44
2022-02-04,679.00,679.00,679.00,679.00,,0.00%,0.0,0.44,0.15,0.88
2022-02-03,679.00,679.00,679.00,679.00,,-0.44%,-0.44,0.0,-0.15,-0.15
2022-02-02,682.00,682.00,682.00,682.00,,-0.44%,-0.44,-0.44,0.44,0.15
2022-02-01,685.00,685.00,685.00,685.00,,-0.58%,-0.58,-0.44,0.0,-0.15
2022-01-31,689.00,689.00,689.00,689.00,,0.29%,0.29,-0.58,-0.44,0.44
2022-01-28,687.00,687.00,687.00,687.00,,0.29%,0.29,0.29,-0.44,0.0
2022-01-27,685.00,685.00,685.00,685.00,,0.44%,0.44,0.29,-0.58,-0.44
2022-01-26,682.00,682.00,682.00,682.00,,-1.30%,-1.3,0.44,0.29,-0.44
2022-01-25,691.00,691.00,691.00,691.00,,-0.14%,-0.14,-1.3,0.29,-0.58
2022-01-24,692.00,692.00,692.00,692.00,,0.00%,0.0,-0.14,0.44,0.29
2022-01-21,692.00,692.00,692.00,692.00,,0.14%,0.14,0.0,-1.3,0.29
2022-01-20,691.00,691.00,691.00,691.00,,-0.14%,-0.14,0.14,-0.14,0.44
2022-01-19,692.00,692.00,692.00,692.00,,-0.29%,-0.29,-0.14,0.0,-1.3
2022-01-18,694.00,694.00,694.00,694.00,,-0.43%,-0.43,-0.29,0.14,-0.14
2022-01-17,697.00,697.00,697.00,697.00,,-0.14%,-0.14,-0.43,-0.14,0.0
2022-01-14,698.00,698.00,698.00,698.00,,0.00%,0.0,-0.14,-0.29,0.14
2022-01-13,698.00,698.00,698.00,698.00,,0.58%,0.58,0.0,-0.43,-0.14
2022-01-12,694.00,694.00,694.00,694.00,,-0.57%,-0.57,0.58,-0.14,-0.29
2022-01-11,698.00,698.00,698.00,698.00,,-0.85%,-0.85,-0.57,0.0,-0.43
2022-01-10,704.00,704.00,704.00,704.00,,-0.14%,-0.14,-0.85,0.58,-0.14
2022-01-07,705.00,705.00,705.00,705.00,,-0.84%,-0.84,-0.14,-0.57,0.0
2022-01-06,711.00,711.00,711.00,711.00,,0.00%,0.0,-0.84,-0.85,0.58
2022-01-05,711.00,711.00,711.00,711.00,,-1.52%,-1.52,0.0,-0.14,-0.57
2022-01-04,722.00,722.00,722.00,722.00,,-8.14%,-8.14,-1.52,-0.84,-0.85
2021-12-24,786.00,786.00,786.00,786.00,,-0.25%,-0.25,-8.14,0.0,-0.14
2021-12-23,788.00,788.00,788.00,788.00,,0.00%,0.0,-0.25,-1.52,-0.84
2021-12-22,788.00,788.00,788.00,788.00,,-1.62%,-1.62,0.0,-8.14,0.0
2021-12-21,801.00,801.00,801.00,801.00,,-0.37%,-0.37,-1.62,-0.25,-1.52
2021-12-20,804.00,804.00,804.00,804.00,,0.12%,0.12,-0.37,0.0,-8.14
2021-12-17,803.00,803.00,803.00,803.00,,0.25%,0.25,0.12,-1.62,-0.25
2021-12-16,801.00,801.00,801.00,801.00,,-0.25%,-0.25,0.25,-0.37,0.0
2021-12-15,803.00,803.00,803.00,803.00,,1.01%,1.01,-0.25,0.12,-1.62
2021-12-14,795.00,795.00,795.00,795.00,,0.89%,0.89,1.01,0.25,-0.37
2021-12-13,788.00,788.00,788.00,788.00,,0.38%,0.38,0.89,-0.25,0.12
2021-12-10,785.00,785.00,785.00,785.00,,1.03%,1.03,0.38,1.01,0.25
2021-12-09,777.00,777.00,777.00,777.00,,0.78%,0.78,1.03,0.89,-0.25
2021-12-08,771.00,771.00,771.00,771.00,,0.92%,0.92,0.78,0.38,1.01
2021-12-07,764.00,764.00,764.00,764.00,,1.33%,1.33,0.92,1.03,0.89
2021-12-06,754.00,754.00,754.00,754.00,,2.31%,2.31,1.33,0.78,0.38
2021-12-03,737.00,737.00,737.00,737.00,,1.38%,1.38,2.31,0.92,1.03
2021-12-02,727.00,727.00,727.00,727.00,,0.97%,0.97,1.38,1.33,0.78
2021-12-01,720.00,720.00,720.00,720.00,,-0.14%,-0.14,0.97,2.31,0.92
2021-11-30,721.00,721.00,721.00,721.00,,-1.37%,-1.37,-0.14,1.38,1.33
2021-11-29,731.00,731.00,731.00,731.00,,-0.95%,-0.95,-1.37,0.97,2.31
2021-11-26,738.00,738.00,738.00,738.00,,-0.94%,-0.94,-0.95,-0.14,1.38
2021-11-25,745.00,745.00,745.00,745.00,,0.13%,0.13,-0.94,-1.37,0.97
2021-11-24,744.00,744.00,744.00,744.00,,-1.20%,-1.2,0.13,-0.95,-0.14
2021-11-23,753.00,753.00,753.00,753.00,,-1.31%,-1.31,-1.2,-0.94,-1.37
2021-11-22,763.00,763.00,763.00,763.00,,-2.18%,-2.18,-1.31,0.13,-0.95
2021-11-19,780.00,780.00,780.00,780.00,,-1.02%,-1.02,-2.18,-1.2,-0.94
2021-11-18,788.00,788.00,788.00,788.00,,-0.88%,-0.88,-1.02,-1.31,0.13
2021-11-17,795.00,795.00,795.00,795.00,,-0.87%,-0.87,-0.88,-2.18,-1.2
2021-11-16,802.00,802.00,802.00,802.00,,-1.23%,-1.23,-0.87,-1.02,-1.31
2021-11-15,812.00,812.00,812.00,812.00,,-1.10%,-1.1,-1.23,-0.88,-2.18
2021-11-12,821.00,821.00,821.00,821.00,,-1.68%,-1.68,-1.1,-0.87,-1.02
2021-11-11,835.00,835.00,835.00,835.00,,0.24%,0.24,-1.68,-1.23,-0.88
2021-11-10,833.00,833.00,833.00,833.00,,-0.24%,-0.24,0.24,-1.1,-0.87
2021-11-09,835.00,835.00,835.00,835.00,,0.85%,0.85,-0.24,-1.68,-1.23
2021-11-08,828.00,828.00,828.00,828.00,,1.35%,1.35,0.85,0.24,-1.1
2021-11-05,817.00,817.00,817.00,817.00,,2.38%,2.38,1.35,-0.24,-1.68
2021-11-04,798.00,798.00,798.00,798.00,,0.50%,0.5,2.38,0.85,0.24
2021-11-03,794.00,794.00,794.00,794.00,,0.13%,0.13,0.5,1.35,-0.24
2021-11-02,793.00,793.00,793.00,793.00,,-0.13%,-0.13,0.13,2.38,0.85
2021-11-01,794.00,794.00,794.00,794.00,,-0.38%,-0.38,-0.13,0.5,1.35
2021-10-29,797.00,797.00,797.00,797.00,,-0.38%,-0.38,-0.38,0.13,2.38
2021-10-28,800.00,800.00,800.00,800.00,,0.50%,0.5,-0.38,-0.13,0.5
2021-10-27,796.00,796.00,796.00,796.00,,0.38%,0.38,0.5,-0.38,0.13
2021-10-26,793.00,793.00,793.00,793.00,,1.15%,1.15,0.38,-0.38,-0.13
2021-10-25,784.00,784.00,784.00,784.00,,2.08%,2.08,1.15,0.5,-0.38
2021-10-22,768.00,768.00,768.00,768.00,,1.72%,1.72,2.08,0.38,-0.38
2021-10-21,755.00,755.00,755.00,755.00,,1.62%,1.62,1.72,1.15,0.5
2021-10-20,743.00,743.00,743.00,743.00,,0.81%,0.81,1.62,2.08,0.38
2021-10-19,737.00,737.00,737.00,737.00,,1.38%,1.38,0.81,1.72,1.15
2021-10-18,727.00,727.00,727.00,727.00,,0.14%,0.14,1.38,1.62,2.08
2021-10-15,726.00,726.00,726.00,726.00,,0.97%,0.97,0.14,0.81,1.72
2021-10-14,719.00,719.00,719.00,719.00,,1.27%,1.27,0.97,1.38,1.62
2021-10-13,710.00,710.00,710.00,710.00,,1.28%,1.28,1.27,0.14,0.81
2021-10-12,701.00,701.00,701.00,701.00,,1.30%,1.3,1.28,0.97,1.38
2021-10-11,692.00,692.00,692.00,692.00,,1.76%,1.76,1.3,1.27,0.14
2021-10-08,680.00,680.00,680.00,680.00,,1.80%,1.8,1.76,1.28,0.97
2021-10-07,668.00,668.00,668.00,668.00,,0.91%,0.91,1.8,1.3,1.27
2021-10-06,662.00,662.00,662.00,662.00,,2.00%,2.0,0.91,1.76,1.28
2021-10-05,649.00,649.00,649.00,649.00,,2.20%,2.2,2.0,1.8,1.3
2021-10-04,635.00,635.00,635.00,635.00,,0.79%,0.79,2.2,0.91,1.76
2021-10-01,630.00,630.00,630.00,630.00,,0.64%,0.64,0.79,2.0,1.8
2021-09-30,626.00,626.00,626.00,626.00,,0.48%,0.48,0.64,2.2,0.91
2021-09-29,623.00,623.00,623.00,623.00,,0.81%,0.81,0.48,0.79,2.0
2021-09-28,618.00,618.00,618.00,618.00,,0.32%,0.32,0.81,0.64,2.2
2021-09-27,616.00,616.00,616.00,616.00,,0.33%,0.33,0.32,0.48,0.79
2021-09-24,614.00,614.00,614.00,614.00,,0.00%,0.0,0.33,0.81,0.64
2021-09-23,614.00,614.00,614.00,614.00,,0.66%,0.66,0.0,0.32,0.48
2021-09-22,610.00,610.00,610.00,610.00,,0.49%,0.49,0.66,0.33,0.81
2021-09-21,607.00,607.00,607.00,607.00,,-0.16%,-0.16,0.49,0.0,0.32
2021-09-20,608.00,608.00,608.00,608.00,,0.00%,0.0,-0.16,0.66,0.33
2021-09-17,608.00,608.00,608.00,608.00,,-1.30%,-1.3,0.0,0.49,0.0
2021-09-16,616.00,616.00,616.00,616.00,,-0.32%,-0.32,-1.3,-0.16,0.66
2021-09-15,618.00,618.00,618.00,618.00,,0.65%,0.65,-0.32,0.0,0.49
2021-09-14,614.00,614.00,614.00,614.00,,0.33%,0.33,0.65,-1.3,-0.16
2021-09-13,612.00,612.00,612.00,612.00,,0.16%,0.16,0.33,-0.32,0.0
2021-09-10,611.00,611.00,611.00,611.00,,0.33%,0.33,0.16,0.65,-1.3
2021-09-09,609.00,609.00,609.00,609.00,,0.83%,0.83,0.33,0.33,-0.32
2021-09-08,604.00,604.00,604.00,604.00,,-0.98%,-0.98,0.83,0.16,0.65
2021-09-07,610.00,610.00,610.00,610.00,,-0.81%,-0.81,-0.98,0.33,0.33
2021-09-06,615.00,615.00,615.00,615.00,,-0.16%,-0.16,-0.81,0.83,0.16
2021-09-03,616.00,616.00,616.00,616.00,,-0.16%,-0.16,-0.16,-0.98,0.33
2021-09-02,617.00,617.00,617.00,617.00,,0.65%,0.65,-0.16,-0.81,0.83
2021-09-01,613.00,613.00,613.00,613.00,,0.49%,0.49,0.65,-0.16,-0.98
2021-08-31,610.00,610.00,610.00,610.00,,0.99%,0.99,0.49,-0.16,-0.81
2021-08-27,604.00,604.00,604.00,604.00,,0.00%,0.0,0.99,0.65,-0.16
2021-08-26,604.00,604.00,604.00,604.00,,0.17%,0.17,0.0,0.49,-0.16
2021-08-25,603.00,603.00,603.00,603.00,,-0.33%,-0.33,0.17,0.99,0.65
2021-08-24,605.00,605.00,605.00,605.00,,-0.33%,-0.33,-0.33,0.0,0.49
2021-08-23,607.00,607.00,607.00,607.00,,-0.49%,-0.49,-0.33,0.17,0.99
2021-08-20,610.00,610.00,610.00,610.00,,0.33%,0.33,-0.49,-0.33,0.0
2021-08-19,608.00,608.00,608.00,608.00,,0.16%,0.16,0.33,-0.33,0.17
2021-08-18,607.00,607.00,607.00,607.00,,-0.16%,-0.16,0.16,-0.49,-0.33
2021-08-17,608.00,608.00,608.00,608.00,,-0.33%,-0.33,-0.16,0.33,-0.33
2021-08-16,610.00,610.00,610.00,610.00,,-0.49%,-0.49,-0.33,0.16,-0.49
2021-08-13,613.00,613.00,613.00,613.00,,0.66%,0.66,-0.49,-0.16,0.33
2021-08-12,609.00,609.00,609.00,609.00,,0.16%,0.16,0.66,-0.33,0.16
2021-08-11,608.00,608.00,608.00,608.00,,0.00%,0.0,0.16,-0.49,-0.16
2021-08-10,608.00,608.00,608.00,608.00,,0.00%,0.0,0.0,0.66,-0.33
2021-08-09,608.00,608.00,608.00,608.00,,-0.16%,-0.16,0.0,0.16,-0.49
2021-08-06,609.00,609.00,609.00,609.00,,0.33%,0.33,-0.16,0.0,0.66
2021-08-05,607.00,607.00,607.00,607.00,,0.00%,0.0,0.33,0.0,0.16
2021-08-04,607.00,607.00,607.00,607.00,,0.50%,0.5,0.0,-0.16,0.0
2021-08-03,604.00,604.00,604.00,604.00,,-0.17%,-0.17,0.5,0.33,0.0
2021-08-02,605.00,605.00,605.00,605.00,,0.17%,0.17,-0.17,0.0,-0.16
2021-07-30,604.00,604.00,604.00,604.00,,0.00%,0.0,0.17,0.5,0.33
2021-07-29,604.00,604.00,604.00,604.00,,1.00%,1.0,0.0,-0.17,0.0
2021-07-28,598.00,598.00,598.00,598.00,,0.67%,0.67,1.0,0.17,0.5
2021-07-27,594.00,594.00,594.00,594.00,,0.34%,0.34,0.67,0.0,-0.17
2021-07-26,592.00,592.00,592.00,592.00,,-0.17%,-0.17,0.34,1.0,0.17
2021-07-23,593.00,593.00,593.00,593.00,,0.00%,0.0,-0.17,0.67,0.0
2021-07-22,593.00,593.00,593.00,593.00,,0.34%,0.34,0.0,0.34,1.0
2021-07-21,591.00,591.00,591.00,591.00,,0.17%,0.17,0.34,-0.17,0.67
2021-07-20,590.00,590.00,590.00,590.00,,0.00%,0.0,0.17,0.0,0.34
2021-07-19,590.00,590.00,590.00,590.00,,0.17%,0.17,0.0,0.34,-0.17
2021-07-16,589.00,589.00,589.00,589.00,,0.68%,0.68,0.17,0.17,0.0
2021-07-15,585.00,585.00,585.00,585.00,,0.86%,0.86,0.68,0.0,0.34
2021-07-14,580.00,580.00,580.00,580.00,,-0.34%,-0.34,0.86,0.17,0.17
2021-07-13,582.00,582.00,582.00,582.00,,-0.17%,-0.17,-0.34,0.68,0.0
2021-07-12,583.00,583.00,583.00,583.00,,-0.51%,-0.51,-0.17,0.86,0.17
2021-07-09,586.00,586.00,586.00,586.00,,-0.34%,-0.34,-0.51,-0.34,0.68
2021-07-08,588.00,588.00,588.00,588.00,,0.00%,0.0,-0.34,-0.17,0.86
2021-07-07,588.00,588.00,588.00,588.00,,-0.51%,-0.51,0.0,-0.51,-0.34
2021-07-06,591.00,591.00,591.00,591.00,,0.85%,0.85,-0.51,-0.34,-0.17
2021-07-05,586.00,586.00,586.00,586.00,,-0.68%,-0.68,0.85,0.0,-0.51
2021-07-02,590.00,590.00,590.00,590.00,,-0.34%,-0.34,-0.68,-0.51,-0.34
2021-07-01,592.00,592.00,592.00,592.00,,-1.00%,-1.0,-0.34,0.85,0.0
2021-06-30,598.00,598.00,598.00,598.00,,-1.16%,-1.16,-1.0,-0.68,-0.51
2021-06-29,605.00,605.00,605.00,605.00,,-1.47%,-1.47,-1.16,-0.34,0.85
2021-06-28,614.00,614.00,614.00,614.00,,-1.60%,-1.6,-1.47,-1.0,-0.68
2021-06-25,624.00,624.00,624.00,624.00,,0.00%,0.0,-1.6,-1.16,-0.34
2021-06-24,624.00,624.00,624.00,624.00,,0.48%,0.48,0.0,-1.47,-1.0
2021-06-23,621.00,621.00,621.00,621.00,,0.98%,0.98,0.48,-1.6,-1.16
2021-06-22,615.00,615.00,615.00,615.00,,1.82%,1.82,0.98,0.0,-1.47
2021-06-21,604.00,604.00,604.00,604.00,,2.03%,2.03,1.82,0.48,-1.6
2021-06-18,592.00,592.00,592.00,592.00,,0.68%,0.68,2.03,0.98,0.0
2021-06-17,588.00,588.00,588.00,588.00,,0.34%,0.34,0.68,1.82,0.48
2021-06-16,586.00,586.00,586.00,586.00,,0.51%,0.51,0.34,2.03,0.98
2021-06-15,583.00,583.00,583.00,583.00,,0.17%,0.17,0.51,0.68,1.82
2021-06-14,582.00,582.00,582.00,582.00,,0.17%,0.17,0.17,0.34,2.03
2021-06-11,581.00,581.00,581.00,581.00,,0.17%,0.17,0.17,0.51,0.68
2021-06-10,580.00,580.00,580.00,580.00,,-0.17%,-0.17,0.17,0.17,0.34
2021-06-09,581.00,581.00,581.00,581.00,,0.35%,0.35,-0.17,0.17,0.51
2021-06-08,579.00,579.00,579.00,579.00,,-0.69%,-0.69,0.35,0.17,0.17
2021-06-07,583.00,583.00,583.00,583.00,,-0.34%,-0.34,-0.69,-0.17,0.17
2021-06-04,585.00,585.00,585.00,585.00,,-0.68%,-0.68,-0.34,0.35,0.17
2021-06-03,589.00,589.00,589.00,589.00,,-1.01%,-1.01,-0.68,-0.69,-0.17
2021-06-02,595.00,595.00,595.00,595.00,,-0.50%,-0.5,-1.01,-0.34,0.35
2021-06-01,598.00,598.00,598.00,598.00,,-0.99%,-0.99,-0.5,-0.68,-0.69
2021-05-28,604.00,604.00,604.00,604.00,,-0.17%,-0.17,-0.99,-1.01,-0.34
2021-05-27,605.00,605.00,605.00,605.00,,-0.82%,-0.82,-0.17,-0.5,-0.68
2021-05-26,610.00,610.00,610.00,610.00,,-0.65%,-0.65,-0.82,-0.99,-1.01
2021-05-25,614.00,614.00,614.00,614.00,,0.16%,0.16,-0.65,-0.17,-0.5
2021-05-24,613.00,613.00,613.00,613.00,,-0.33%,-0.33,0.16,-0.82,-0.99
2021-05-21,615.00,615.00,615.00,615.00,,0.82%,0.82,-0.33,-0.65,-0.17
2021-05-20,610.00,610.00,610.00,610.00,,0.66%,0.66,0.82,0.16,-0.82
2021-05-19,606.00,606.00,606.00,606.00,,-0.82%,-0.82,0.66,-0.33,-0.65
2021-05-18,611.00,611.00,611.00,611.00,,0.16%,0.16,-0.82,0.82,0.16
2021-05-17,610.00,610.00,610.00,610.00,,0.00%,0.0,0.16,0.66,-0.33
2021-05-14,610.00,610.00,610.00,610.00,,0.00%,0.0,0.0,-0.82,0.82
2021-05-13,610.00,610.00,610.00,610.00,,-0.49%,-0.49,0.0,0.16,0.66
2021-05-12,613.00,613.00,613.00,613.00,,1.16%,1.16,-0.49,0.0,-0.82
2021-05-11,606.00,606.00,606.00,606.00,,0.17%,0.17,1.16,0.0,0.16
2021-05-10,605.00,605.00,605.00,605.00,,-0.33%,-0.33,0.17,-0.49,0.0
2021-05-07,607.00,607.00,607.00,607.00,,0.50%,0.5,-0.33,1.16,0.0
2021-05-06,604.00,604.00,604.00,604.00,,0.00%,0.0,0.5,0.17,-0.49
2021-05-05,604.00,604.00,604.00,604.00,,0.33%,0.33,0.0,-0.33,1.16
2021-05-04,602.00,602.00,602.00,602.00,,-0.66%,-0.66,0.33,0.5,0.17
2021-04-30,606.00,606.00,606.00,606.00,,0.17%,0.17,-0.66,0.0,-0.33
2021-04-29,605.00,605.00,605.00,605.00,,0.17%,0.17,0.17,0.33,0.5
2021-04-28,604.00,604.00,604.00,604.00,,0.17%,0.17,0.17,-0.66,0.0
2021-04-27,603.00,603.00,603.00,603.00,,0.00%,0.0,0.17,0.17,0.33
2021-04-26,603.00,603.00,603.00,603.00,,-0.17%,-0.17,0.0,0.17,-0.66
2021-04-23,604.00,604.00,604.00,604.00,,-0.17%,-0.17,-0.17,0.17,0.17
2021-04-22,605.00,605.00,605.00,605.00,,0.33%,0.33,-0.17,0.0,0.17
2021-04-21,603.00,603.00,603.00,603.00,,0.50%,0.5,0.33,-0.17,0.17
2021-04-20,600.00,600.00,600.00,600.00,,-0.50%,-0.5,0.5,-0.17,0.0
2021-04-19,603.00,603.00,603.00,603.00,,-0.33%,-0.33,-0.5,0.33,-0.17
2021-04-16,605.00,605.00,605.00,605.00,,-0.49%,-0.49,-0.33,0.5,-0.17
2021-04-15,608.00,608.00,608.00,608.00,,-0.65%,-0.65,-0.49,-0.5,0.33
2021-04-14,612.00,612.00,612.00,612.00,,-0.33%,-0.33,-0.65,-0.33,0.5
2021-04-13,614.00,614.00,614.00,614.00,,-2.38%,-2.38,-0.33,-0.49,-0.5
2021-04-12,629.00,629.00,629.00,629.00,,-2.63%,-2.63,-2.38,-0.65,-0.33
2021-04-09,646.00,646.00,646.00,646.00,,-1.82%,-1.82,-2.63,-0.33,-0.49
2021-04-08,658.00,658.00,658.00,658.00,,-2.52%,-2.52,-1.82,-2.38,-0.65
2021-04-07,675.00,675.00,675.00,675.00,,-1.46%,-1.46,-2.52,-2.63,-0.33
2021-04-06,685.00,685.00,685.00,685.00,,-2.00%,-2.0,-1.46,-1.82,-2.38
2021-04-01,699.00,699.00,699.00,699.00,,-1.55%,-1.55,-2.0,-2.52,-2.63
2021-03-31,710.00,710.00,710.00,710.00,,-3.66%,-3.66,-1.55,-1.46,-1.82
2021-03-30,737.00,737.00,737.00,737.00,,-3.66%,-3.66,-3.66,-2.0,-2.52
2021-03-29,765.00,765.00,765.00,765.00,,0.00%,0.0,-3.66,-1.55,-1.46
2021-03-26,765.00,765.00,765.00,765.00,,2.27%,2.27,0.0,-3.66,-2.0
2021-03-25,748.00,748.00,748.00,748.00,,0.67%,0.67,2.27,-3.66,-1.55
2021-03-24,743.00,743.00,743.00,743.00,,-0.54%,-0.54,0.67,0.0,-3.66
2021-03-23,747.00,747.00,747.00,747.00,,0.13%,0.13,-0.54,2.27,-3.66
2021-03-22,746.00,746.00,746.00,746.00,,-0.27%,-0.27,0.13,0.67,0.0
2021-03-19,748.00,748.00,748.00,748.00,,-0.66%,-0.66,-0.27,-0.54,2.27
2021-03-18,753.00,753.00,753.00,753.00,,0.94%,0.94,-0.66,0.13,0.67
2021-03-17,746.00,746.00,746.00,746.00,,0.54%,0.54,0.94,-0.27,-0.54
2021-03-16,742.00,742.00,742.00,742.00,,2.06%,2.06,0.54,-0.66,0.13
2021-03-15,727.00,727.00,727.00,727.00,,0.83%,0.83,2.06,0.94,-0.27
2021-03-12,721.00,721.00,721.00,721.00,,0.14%,0.14,0.83,0.54,-0.66
2021-03-11,720.00,720.00,720.00,720.00,,1.98%,1.98,0.14,2.06,0.94
2021-03-10,706.00,706.00,706.00,706.00,,1.44%,1.44,1.98,0.83,0.54
2021-03-09,696.00,696.00,696.00,696.00,,3.57%,3.57,1.44,0.14,2.06
2021-03-08,672.00,672.00,672.00,672.00,,0.90%,0.9,3.57,1.98,0.83
2021-03-05,666.00,666.00,666.00,666.00,,-0.30%,-0.3,0.9,1.44,0.14
2021-03-04,668.00,668.00,668.00,668.00,,0.15%,0.15,-0.3,3.57,1.98
2021-03-03,667.00,667.00,667.00,667.00,,-0.60%,-0.6,0.15,0.9,1.44
2021-03-02,671.00,671.00,671.00,671.00,,0.45%,0.45,-0.6,-0.3,3.57
2021-03-01,668.00,668.00,668.00,668.00,,-0.15%,-0.15,0.45,0.15,0.9
2021-02-26,669.00,669.00,669.00,669.00,,0.00%,0.0,-0.15,-0.6,-0.3
2021-02-25,669.00,669.00,669.00,669.00,,0.15%,0.15,0.0,0.45,0.15
2021-02-24,668.00,668.00,668.00,668.00,,0.75%,0.75,0.15,-0.15,-0.6
2021-02-23,663.00,663.00,663.00,663.00,,1.84%,1.84,0.75,0.0,0.45
2021-02-22,651.00,651.00,651.00,651.00,,1.88%,1.88,1.84,0.15,-0.15
2021-02-19,639.00,639.00,639.00,639.00,,1.91%,1.91,1.88,0.75,0.0
2021-02-18,627.00,627.00,627.00,627.00,,4.15%,4.15,1.91,1.84,0.15
2021-02-17,602.00,602.00,602.00,602.00,,2.21%,2.21,4.15,1.88,0.75
2021-02-16,589.00,589.00,589.00,589.00,,7.09%,7.09,2.21,1.91,1.84
2021-02-15,550.00,550.00,550.00,550.00,,2.04%,2.04,7.09,4.15,1.88
2021-02-12,539.00,539.00,539.00,539.00,,3.85%,3.85,2.04,2.21,1.91
2021-02-11,519.00,519.00,519.00,519.00,,1.76%,1.76,3.85,7.09,4.15
2021-02-10,510.00,510.00,510.00,510.00,,2.62%,2.62,1.76,2.04,2.21
2021-02-09,497.00,497.00,497.00,497.00,,0.40%,0.4,2.62,3.85,7.09
2021-02-08,495.00,495.00,495.00,495.00,,-0.20%,-0.2,0.4,1.76,2.04
2021-02-05,496.00,496.00,496.00,496.00,,0.00%,0.0,-0.2,2.62,3.85
2021-02-04,496.00,496.00,496.00,496.00,,-0.20%,-0.2,0.0,0.4,1.76
2021-02-03,497.00,497.00,497.00,497.00,,-1.78%,-1.78,-0.2,-0.2,2.62
2021-02-02,506.00,506.00,506.00,506.00,,-1.75%,-1.75,-1.78,0.0,0.4
2021-02-01,515.00,515.00,515.00,515.00,,-0.39%,-0.39,-1.75,-0.2,-0.2
2021-01-29,517.00,517.00,517.00,517.00,,-0.77%,-0.77,-0.39,-1.78,0.0
2021-01-28,521.00,521.00,521.00,521.00,,0.00%,0.0,-0.77,-1.75,-0.2
2021-01-27,521.00,521.00,521.00,521.00,,0.19%,0.19,0.0,-0.39,-1.78
2021-01-26,520.00,520.00,520.00,520.00,,0.19%,0.19,0.19,-0.77,-1.75
2021-01-25,519.00,519.00,519.00,519.00,,1.37%,1.37,0.19,0.0,-0.39
2021-01-22,512.00,512.00,512.00,512.00,,1.39%,1.39,1.37,0.19,-0.77
2021-01-21,505.00,505.00,505.00,505.00,,1.41%,1.41,1.39,0.19,0.0
2021-01-20,498.00,498.00,498.00,498.00,,0.40%,0.4,1.41,1.37,0.19
2021-01-19,496.00,496.00,496.00,496.00,,0.81%,0.81,0.4,1.39,0.19
2021-01-18,492.00,492.00,492.00,492.00,,-0.20%,-0.2,0.81,1.41,1.37
2021-01-15,493.00,493.00,493.00,493.00,,-0.60%,-0.6,-0.2,0.4,1.39
2021-01-14,496.00,496.00,496.00,496.00,,-0.80%,-0.8,-0.6,0.81,1.41
2021-01-13,500.00,500.00,500.00,500.00,,-0.99%,-0.99,-0.8,-0.2,0.4
2021-01-12,505.00,505.00,505.00,505.00,,-1.17%,-1.17,-0.99,-0.6,0.81
2021-01-11,511.00,511.00,511.00,511.00,,-1.73%,-1.73,-1.17,-0.8,-0.2
2021-01-08,520.00,520.00,520.00,520.00,,-0.76%,-0.76,-1.73,-0.99,-0.6
2021-01-07,524.00,524.00,524.00,524.00,,-1.69%,-1.69,-0.76,-1.17,-0.8
2021-01-06,533.00,533.00,533.00,533.00,,-1.30%,-1.3,-1.69,-1.73,-0.99
2021-01-05,540.00,540.00,540.00,540.00,,-0.55%,-0.55,-1.3,-0.76,-1.17
2021-01-04,543.00,543.00,543.00,543.00,,16.52%,16.52,-0.55,-1.69,-1.73
2020-12-24,466.00,466.00,466.00,466.00,,0.00%,0.0,16.52,-1.3,-0.76
2020-12-23,466.00,466.00,466.00,466.00,,-0.43%,-0.43,0.0,-0.55,-1.69
2020-12-22,468.00,468.00,468.00,468.00,,1.52%,1.52,-0.43,16.52,-1.3
2020-12-21,461.00,461.00,461.00,461.00,,1.10%,1.1,1.52,0.0,-0.55
2020-12-18,456.00,456.00,456.00,456.00,,0.66%,0.66,1.1,-0.43,16.52
2020-12-17,453.00,453.00,453.00,453.00,,3.19%,3.19,0.66,1.52,0.0
2020-12-16,439.00,439.00,439.00,439.00,,0.92%,0.92,3.19,1.1,-0.43
2020-12-15,435.00,435.00,435.00,435.00,,0.69%,0.69,0.92,0.66,1.52
2020-12-14,432.00,432.00,432.00,432.00,,0.23%,0.23,0.69,3.19,1.1
2020-12-11,431.00,431.00,431.00,431.00,,0.23%,0.23,0.23,0.92,0.66
2020-12-10,430.00,430.00,430.00,430.00,,-1.15%,-1.15,0.23,0.69,3.19
2020-12-09,435.00,435.00,435.00,435.00,,-0.91%,-0.91,-1.15,0.23,0.92
2020-12-08,439.00,439.00,439.00,439.00,,-0.23%,-0.23,-0.91,0.23,0.69
2020-12-07,440.00,440.00,440.00,440.00,,0.00%,0.0,-0.23,-1.15,0.23
2020-12-04,440.00,440.00,440.00,440.00,,-1.12%,-1.12,0.0,-0.91,0.23
2020-12-03,445.00,445.00,445.00,445.00,,0.23%,0.23,-1.12,-0.23,-1.15
2020-12-02,444.00,444.00,444.00,444.00,,-2.42%,-2.42,0.23,0.0,-0.91
2020-12-01,455.00,455.00,455.00,455.00,,-0.66%,-0.66,-2.42,-1.12,-0.23
2020-11-30,458.00,458.00,458.00,458.00,,0.66%,0.66,-0.66,0.23,0.0
2020-11-27,455.00,455.00,455.00,455.00,,-0.44%,-0.44,0.66,-2.42,-1.12
2020-11-26,457.00,457.00,457.00,457.00,,1.33%,1.33,-0.44,-0.66,0.23
2020-11-25,451.00,451.00,451.00,451.00,,0.89%,0.89,1.33,0.66,-2.42
2020-11-24,447.00,447.00,447.00,447.00,,2.29%,2.29,0.89,-0.44,-0.66
2020-11-23,437.00,437.00,437.00,437.00,,-0.23%,-0.23,2.29,1.33,0.66
2020-11-20,438.00,438.00,438.00,438.00,,0.23%,0.23,-0.23,0.89,-0.44
2020-11-19,437.00,437.00,437.00,437.00,,1.39%,1.39,0.23,2.29,1.33
2020-11-18,431.00,431.00,431.00,431.00,,-0.23%,-0.23,1.39,-0.23,0.89
2020-11-17,432.00,432.00,432.00,432.00,,0.47%,0.47,-0.23,0.23,2.29
2020-11-16,430.00,430.00,430.00,430.00,,1.18%,1.18,0.47,1.39,-0.23
2020-11-13,425.00,425.00,425.00,425.00,,2.91%,2.91,1.18,-0.23,0.23
2020-11-12,413.00,413.00,413.00,413.00,,1.47%,1.47,2.91,0.47,1.39
2020-11-11,407.00,407.00,407.00,407.00,,0.49%,0.49,1.47,1.18,-0.23
2020-11-10,405.00,405.00,405.00,405.00,,0.50%,0.5,0.49,2.91,0.47
2020-11-09,403.00,403.00,403.00,403.00,,0.00%,0.0,0.5,1.47,1.18
2020-11-06,403.00,403.00,403.00,403.00,,-0.49%,-0.49,0.0,0.49,2.91
2020-11-05,405.00,405.00,405.00,405.00,,0.00%,0.0,-0.49,0.5,1.47
2020-11-04,405.00,405.00,405.00,405.00,,0.00%,0.0,0.0,0.0,0.49
2020-11-03,405.00,405.00,405.00,405.00,,-0.25%,-0.25,0.0,-0.49,0.5
2020-11-02,406.00,406.00,406.00,406.00,,-1.22%,-1.22,-0.25,0.0,0.0
2020-10-30,411.00,411.00,411.00,411.00,,-1.20%,-1.2,-1.22,0.0,-0.49
2020-10-29,416.00,416.00,416.00,416.00,,-1.42%,-1.42,-1.2,-0.25,0.0
2020-10-28,422.00,422.00,422.00,422.00,,-0.94%,-0.94,-1.42,-1.22,0.0
2020-10-27,426.00,426.00,426.00,426.00,,0.24%,0.24,-0.94,-1.2,-0.25
2020-10-26,425.00,425.00,425.00,425.00,,1.92%,1.92,0.24,-1.42,-1.22
2020-10-23,417.00,417.00,417.00,417.00,,-0.95%,-0.95,1.92,-0.94,-1.2
2020-10-22,421.00,421.00,421.00,421.00,,-0.71%,-0.71,-0.95,0.24,-1.42
2020-10-21,424.00,424.00,424.00,424.00,,0.24%,0.24,-0.71,1.92,-0.94
2020-10-20,423.00,423.00,423.00,423.00,,0.71%,0.71,0.24,-0.95,0.24
2020-10-19,420.00,420.00,420.00,420.00,,0.72%,0.72,0.71,-0.71,1.92
2020-10-16,417.00,417.00,417.00,417.00,,0.72%,0.72,0.72,0.24,-0.95
2020-10-15,414.00,414.00,414.00,414.00,,0.49%,0.49,0.72,0.71,-0.71
2020-10-14,412.00,412.00,412.00,412.00,,0.49%,0.49,0.49,0.72,0.24
2020-10-13,410.00,410.00,410.00,410.00,,0.00%,0.0,0.49,0.72,0.71
2020-10-12,410.00,410.00,410.00,410.00,,-0.49%,-0.49,0.0,0.49,0.72
2020-10-09,412.00,412.00,412.00,412.00,,-1.20%,-1.2,-0.49,0.49,0.72
2020-10-08,417.00,417.00,417.00,417.00,,-0.48%,-0.48,-1.2,0.0,0.49
2020-10-07,419.00,419.00,419.00,419.00,,-1.18%,-1.18,-0.48,-0.49,0.49
2020-10-06,424.00,424.00,424.00,424.00,,-0.93%,-0.93,-1.18,-1.2,0.0
2020-10-05,428.00,428.00,428.00,428.00,,-0.23%,-0.23,-0.93,-0.48,-0.49
2020-10-02,429.00,429.00,429.00,429.00,,-0.69%,-0.69,-0.23,-1.18,-1.2
2020-10-01,432.00,432.00,432.00,432.00,,-0.69%,-0.69,-0.69,-0.93,-0.48
2020-09-30,435.00,435.00,435.00,435.00,,0.00%,0.0,-0.69,-0.23,-1.18
2020-09-29,435.00,435.00,435.00,435.00,,-0.23%,-0.23,0.0,-0.69,-0.93
2020-09-28,436.00,436.00,436.00,436.00,,0.46%,0.46,-0.23,-0.69,-0.23
2020-09-25,434.00,434.00,434.00,434.00,,0.00%,0.0,0.46,0.0,-0.69
2020-09-24,434.00,434.00,434.00,434.00,,0.70%,0.7,0.0,-0.23,-0.69
2020-09-23,431.00,431.00,431.00,431.00,,-0.46%,-0.46,0.7,0.46,0.0
2020-09-22,433.00,433.00,433.00,433.00,,-1.37%,-1.37,-0.46,0.0,-0.23
2020-09-21,439.00,439.00,439.00,439.00,,-0.45%,-0.45,-1.37,0.7,0.46
2020-09-18,441.00,441.00,441.00,441.00,,-0.45%,-0.45,-0.45,-0.46,0.0
2020-09-17,443.00,443.00,443.00,443.00,,-1.12%,-1.12,-0.45,-1.37,0.7
2020-09-16,448.00,448.00,448.00,448.00,,-1.10%,-1.1,-1.12,-0.45,-0.46
2020-09-15,453.00,453.00,453.00,453.00,,-0.66%,-0.66,-1.1,-0.45,-1.37
2020-09-14,456.00,456.00,456.00,456.00,,-0.65%,-0.65,-0.66,-1.12,-0.45
2020-09-11,459.00,459.00,459.00,459.00,,2.00%,2.0,-0.65,-1.1,-0.45
2020-09-10,450.00,450.00,450.00,450.00,,0.67%,0.67,2.0,-0.66,-1.12
2020-09-09,447.00,447.00,447.00,447.00,,0.22%,0.22,0.67,-0.65,-1.1
2020-09-08,446.00,446.00,446.00,446.00,,0.45%,0.45,0.22,2.0,-0.66
2020-09-07,444.00,444.00,444.00,444.00,,-0.45%,-0.45,0.45,0.67,-0.65
2020-09-04,446.00,446.00,446.00,446.00,,-1.33%,-1.33,-0.45,0.22,2.0
2020-09-03,452.00,452.00,452.00,452.00,,-1.09%,-1.09,-1.33,0.45,0.67
2020-09-02,457.00,457.00,457.00,457.00,,-1.93%,-1.93,-1.09,-0.45,0.22
2020-09-01,466.00,466.00,466.00,466.00,,-1.69%,-1.69,-1.93,-1.33,0.45
2020-08-28,474.00,474.00,474.00,474.00,,0.42%,0.42,-1.69,-1.09,-0.45
2020-08-27,472.00,472.00,472.00,472.00,,-0.21%,-0.21,0.42,-1.93,-1.33
2020-08-26,473.00,473.00,473.00,473.00,,-0.84%,-0.84,-0.21,-1.69,-1.09
2020-08-25,477.00,477.00,477.00,477.00,,-0.63%,-0.63,-0.84,0.42,-1.93
2020-08-24,480.00,480.00,480.00,480.00,,-0.62%,-0.62,-0.63,-0.21,-1.69
2020-08-21,483.00,483.00,483.00,483.00,,-1.02%,-1.02,-0.62,-0.84,0.42
2020-08-20,488.00,488.00,488.00,488.00,,-0.61%,-0.61,-1.02,-0.63,-0.21
2020-08-19,491.00,491.00,491.00,491.00,,0.20%,0.2,-0.61,-0.62,-0.84
2020-08-18,490.00,490.00,490.00,490.00,,-0.61%,-0.61,0.2,-1.02,-0.63
2020-08-17,493.00,493.00,493.00,493.00,,-1.00%,-1.0,-0.61,-0.61,-0.62
2020-08-14,498.00,498.00,498.00,498.00,,-0.20%,-0.2,-1.0,0.2,-1.02
2020-08-13,499.00,499.00,499.00,499.00,,-0.20%,-0.2,-0.2,-0.61,-0.61
2020-08-12,500.00,500.00,500.00,500.00,,0.60%,0.6,-0.2,-1.0,0.2
2020-08-11,497.00,497.00,497.00,497.00,,-1.19%,-1.19,0.6,-0.2,-0.61
2020-08-10,503.00,503.00,503.00,503.00,,-0.79%,-0.79,-1.19,-0.2,-1.0
2020-08-07,507.00,507.00,507.00,507.00,,0.00%,0.0,-0.79,0.6,-0.2
2020-08-06,507.00,507.00,507.00,507.00,,-0.39%,-0.39,0.0,-1.19,-0.2
2020-08-05,509.00,509.00,509.00,509.00,,0.59%,0.59,-0.39,-0.79,0.6
2020-08-04,506.00,506.00,506.00,506.00,,0.00%,0.0,0.59,0.0,-1.19
2020-08-03,506.00,506.00,506.00,506.00,,0.00%,0.0,0.0,-0.39,-0.79
2020-07-31,506.00,506.00,506.00,506.00,,0.20%,0.2,0.0,0.59,0.0
2020-07-30,505.00,505.00,505.00,505.00,,-0.20%,-0.2,0.2,0.0,-0.39
2020-07-29,506.00,506.00,506.00,506.00,,-1.36%,-1.36,-0.2,0.0,0.59
2020-07-28,513.00,513.00,513.00,513.00,,-0.58%,-0.58,-1.36,0.2,0.0
2020-07-27,516.00,516.00,516.00,516.00,,-0.77%,-0.77,-0.58,-0.2,0.0
2020-07-24,520.00,520.00,520.00,520.00,,-1.89%,-1.89,-0.77,-1.36,0.2
2020-07-23,530.00,530.00,530.00,530.00,,-1.67%,-1.67,-1.89,-0.58,-0.2
2020-07-22,539.00,539.00,539.00,539.00,,-0.37%,-0.37,-1.67,-0.77,-1.36
2020-07-21,541.00,541.00,541.00,541.00,,1.31%,1.31,-0.37,-1.89,-0.58
2020-07-20,534.00,534.00,534.00,534.00,,2.69%,2.69,1.31,-1.67,-0.77
2020-07-17,520.00,520.00,520.00,520.00,,2.16%,2.16,2.69,-0.37,-1.89
2020-07-16,509.00,509.00,509.00,509.00,,3.67%,3.67,2.16,1.31,-1.67
2020-07-15,491.00,491.00,491.00,491.00,,-0.20%,-0.2,3.67,2.69,-0.37
2020-07-14,492.00,492.00,492.00,492.00,,-1.40%,-1.4,-0.2,2.16,1.31
2020-07-13,499.00,499.00,499.00,499.00,,-0.20%,-0.2,-1.4,3.67,2.69
2020-07-10,500.00,500.00,500.00,500.00,,0.40%,0.4,-0.2,-0.2,2.16
2020-07-09,498.00,498.00,498.00,498.00,,1.22%,1.22,0.4,-1.4,3.67
2020-07-08,492.00,492.00,492.00,492.00,,1.03%,1.03,1.22,-0.2,-0.2
2020-07-07,487.00,487.00,487.00,487.00,,0.83%,0.83,1.03,0.4,-1.4
2020-07-06,483.00,483.00,483.00,483.00,,2.55%,2.55,0.83,1.22,-0.2
2020-07-03,471.00,471.00,471.00,471.00,,1.51%,1.51,2.55,1.03,0.4
2020-07-02,464.00,464.00,464.00,464.00,,0.00%,0.0,1.51,0.83,1.22
2020-07-01,464.00,464.00,464.00,464.00,,0.43%,0.43,0.0,2.55,1.03
2020-06-30,462.00,462.00,462.00,462.00,,-0.65%,-0.65,0.43,1.51,0.83
2020-06-29,465.00,465.00,465.00,465.00,,-0.43%,-0.43,-0.65,0.0,2.55
2020-06-26,467.00,467.00,467.00,467.00,,0.21%,0.21,-0.43,0.43,1.51
2020-06-25,466.00,466.00,466.00,466.00,,1.53%,1.53,0.21,-0.65,0.0
2020-06-24,459.00,459.00,459.00,459.00,,-2.96%,-2.96,1.53,-0.43,0.43
2020-06-23,473.00,473.00,473.00,473.00,,-4.64%,-4.64,-2.96,0.21,-0.65
2020-06-22,496.00,496.00,496.00,496.00,,-2.55%,-2.55,-4.64,1.53,-0.43
2020-06-19,509.00,509.00,509.00,509.00,,-0.78%,-0.78,-2.55,-2.96,0.21
2020-06-18,513.00,513.00,513.00,513.00,,-2.10%,-2.1,-0.78,-4.64,1.53
2020-06-17,524.00,524.00,524.00,524.00,,-1.13%,-1.13,-2.1,-2.55,-2.96
2020-06-16,530.00,530.00,530.00,530.00,,-2.75%,-2.75,-1.13,-0.78,-4.64
2020-06-15,545.00,545.00,545.00,545.00,,-1.09%,-1.09,-2.75,-2.1,-2.55
2020-06-12,551.00,551.00,551.00,551.00,,-1.43%,-1.43,-1.09,-1.13,-0.78
2020-06-11,559.00,559.00,559.00,559.00,,-2.27%,-2.27,-1.43,-2.75,-2.1
2020-06-10,572.00,572.00,572.00,572.00,,-0.87%,-0.87,-2.27,-1.09,-1.13
2020-06-09,577.00,577.00,577.00,577.00,,-1.20%,-1.2,-0.87,-1.43,-2.75
2020-06-08,584.00,584.00,584.00,584.00,,-1.35%,-1.35,-1.2,-2.27,-1.09
2020-06-05,592.00,592.00,592.00,592.00,,-2.15%,-2.15,-1.35,-0.87,-1.43
2020-06-04,605.00,605.00,605.00,605.00,,-3.66%,-3.66,-2.15,-1.2,-2.27
2020-06-03,628.00,628.00,628.00,628.00,,-3.83%,-3.83,-3.66,-1.35,-0.87
2020-06-02,653.00,653.00,653.00,653.00,,-6.45%,-6.45,-3.83,-2.15,-1.2
2020-06-01,698.00,698.00,698.00,698.00,,-2.10%,-2.1,-6.45,-3.66,-1.35
2020-05-29,713.00,713.00,713.00,713.00,,-0.97%,-0.97,-2.1,-3.83,-2.15
2020-05-28,720.00,720.00,720.00,720.00,,-1.77%,-1.77,-0.97,-6.45,-3.66
2020-05-27,733.00,733.00,733.00,733.00,,2.09%,2.09,-1.77,-2.1,-3.83
2020-05-26,718.00,718.00,718.00,718.00,,-2.31%,-2.31,2.09,-0.97,-6.45
2020-05-22,735.00,735.00,735.00,735.00,,-2.78%,-2.78,-2.31,-1.77,-2.1
2020-05-21,756.00,756.00,756.00,756.00,,-4.55%,-4.55,-2.78,2.09,-0.97
2020-05-20,792.00,792.00,792.00,792.00,,-3.18%,-3.18,-4.55,-2.31,-1.77
2020-05-19,818.00,818.00,818.00,818.00,,-3.42%,-3.42,-3.18,-2.78,2.09
2020-05-18,847.00,847.00,847.00,847.00,,-0.59%,-0.59,-3.42,-4.55,-2.31
2020-05-15,852.00,852.00,852.00,852.00,,-1.27%,-1.27,-0.59,-3.18,-2.78
2020-05-14,863.00,863.00,863.00,863.00,,-1.03%,-1.03,-1.27,-3.42,-4.55
2020-05-13,872.00,872.00,872.00,872.00,,0.23%,0.23,-1.03,-0.59,-3.18
2020-05-12,870.00,870.00,870.00,870.00,,0.23%,0.23,0.23,-1.27,-3.42
2020-05-11,868.00,868.00,868.00,868.00,,0.58%,0.58,0.23,-1.03,-0.59
2020-05-07,863.00,863.00,863.00,863.00,,-2.04%,-2.04,0.58,0.23,-1.27
2020-05-06,881.00,881.00,881.00,881.00,,-2.65%,-2.65,-2.04,0.23,-1.03
2020-05-05,905.00,905.00,905.00,905.00,,-10.84%,-10.84,-2.65,0.58,0.23
2020-05-04,"1,015.00","1,015.00","1,015.00","1,015.00",,-8.14%,-8.14,-10.84,-2.04,0.23
2020-05-01,"1,105.00","1,105.00","1,105.00","1,105.00",,-10.60%,-10.6,-8.14,-2.65,0.58
2020-04-30,"1,236.00","1,236.00","1,236.00","1,236.00",,-10.89%,-10.89,-10.6,-10.84,-2.04
2020-04-29,"1,387.00","1,387.00","1,387.00","1,387.00",,-7.72%,-7.72,-10.89,-8.14,-2.65
2020-04-28,"1,503.00","1,503.00","1,503.00","1,503.00",,-2.15%,-2.15,-7.72,-10.6,-10.84
2020-04-27,"1,536.00","1,536.00","1,536.00","1,536.00",,-0.90%,-0.9,-2.15,-10.89,-8.14
2020-04-24,"1,550.00","1,550.00","1,550.00","1,550.00",,0.85%,0.85,-0.9,-7.72,-10.6
2020-04-23,"1,537.00","1,537.00","1,537.00","1,537.00",,0.79%,0.79,0.85,-2.15,-10.89
2020-04-22,"1,525.00","1,525.00","1,525.00","1,525.00",,10.75%,10.75,0.79,-0.9,-7.72
2020-04-21,"1,377.00","1,377.00","1,377.00","1,377.00",,16.50%,16.5,10.75,0.85,-2.15
2020-04-20,"1,182.00","1,182.00","1,182.00","1,182.00",,2.43%,2.43,16.5,0.79,-0.9
2020-04-17,"1,154.00","1,154.00","1,154.00","1,154.00",,4.72%,4.72,2.43,10.75,0.85
2020-04-16,"1,102.00","1,102.00","1,102.00","1,102.00",,1.66%,1.66,4.72,16.5,0.79
2020-04-15,"1,084.00","1,084.00","1,084.00","1,084.00",,-2.17%,-2.17,1.66,2.43,10.75
2020-04-14,"1,108.00","1,108.00","1,108.00","1,108.00",,-0.54%,-0.54,-2.17,4.72,16.5
2020-04-09,"1,114.00","1,114.00","1,114.00","1,114.00",,4.01%,4.01,-0.54,1.66,2.43
2020-04-08,"1,071.00","1,071.00","1,071.00","1,071.00",,-4.55%,-4.55,4.01,-2.17,4.72
2020-04-07,"1,122.00","1,122.00","1,122.00","1,122.00",,-9.52%,-9.52,-4.55,-0.54,1.66
2020-04-06,"1,240.00","1,240.00","1,240.00","1,240.00",,-10.34%,-10.34,-9.52,4.01,-2.17
2020-04-03,"1,383.00","1,383.00","1,383.00","1,383.00",,-1.36%,-1.36,-10.34,-4.55,-0.54
2020-04-02,"1,402.00","1,402.00","1,402.00","1,402.00",,-0.28%,-0.28,-1.36,-9.52,4.01
2020-04-01,"1,406.00","1,406.00","1,406.00","1,406.00",,0.86%,0.86,-0.28,-10.34,-4.55
2020-03-31,"1,394.00","1,394.00","1,394.00","1,394.00",,3.41%,3.41,0.86,-1.36,-9.52
2020-03-30,"1,348.00","1,348.00","1,348.00","1,348.00",,9.59%,9.59,3.41,-0.28,-10.34
2020-03-27,"1,230.00","1,230.00","1,230.00","1,230.00",,10.71%,10.71,9.59,0.86,-1.36
2020-03-26,"1,111.00","1,111.00","1,111.00","1,111.00",,4.03%,4.03,10.71,3.41,-0.28
2020-03-25,"1,068.00","1,068.00","1,068.00","1,068.00",,2.59%,2.59,4.03,9.59,0.86
2020-03-24,"1,041.00","1,041.00","1,041.00","1,041.00",,-5.28%,-5.28,2.59,10.71,3.41
2020-03-23,"1,099.00","1,099.00","1,099.00","1,099.00",,-5.75%,-5.75,-5.28,4.03,9.59
2020-03-20,"1,166.00","1,166.00","1,166.00","1,166.00",,-6.12%,-6.12,-5.75,2.59,10.71
2020-03-19,"1,242.00","1,242.00","1,242.00","1,242.00",,-9.93%,-9.93,-6.12,-5.28,4.03
2020-03-18,"1,379.00","1,379.00","1,379.00","1,379.00",,-9.04%,-9.04,-9.93,-5.75,2.59
2020-03-17,"1,516.00","1,516.00","1,516.00","1,516.00",,-0.13%,-0.13,-9.04,-6.12,-5.28
2020-03-16,"1,518.00","1,518.00","1,518.00","1,518.00",,5.86%,5.86,-0.13,-9.93,-5.75
2020-03-13,"1,434.00","1,434.00","1,434.00","1,434.00",,22.25%,22.25,5.86,-9.04,-6.12
2020-03-12,"1,173.00","1,173.00","1,173.00","1,173.00",,10.97%,10.97,22.25,-0.13,-9.93
2020-03-11,"1,057.00","1,057.00","1,057.00","1,057.00",,24.65%,24.65,10.97,5.86,-9.04
2020-03-10,848.00,848.00,848.00,848.00,,9.00%,9.0,24.65,22.25,-0.13
2020-03-09,778.00,778.00,778.00,778.00,,1.83%,1.83,9.0,10.97,5.86
2020-03-06,764.00,764.00,764.00,764.00,,-3.54%,-3.54,1.83,24.65,22.25
2020-03-05,792.00,792.00,792.00,792.00,,-0.50%,-0.5,-3.54,9.0,10.97
2020-03-04,796.00,796.00,796.00,796.00,,0.00%,0.0,-0.5,1.83,24.65
2020-03-03,796.00,796.00,796.00,796.00,,0.00%,0.0,0.0,-3.54,9.0
2020-03-02,796.00,796.00,796.00,796.00,,0.00%,0.0,0.0,-0.5,1.83
2020-02-28,796.00,796.00,796.00,796.00,,-1.24%,-1.24,0.0,0.0,-3.54
2020-02-27,806.00,806.00,806.00,806.00,,-1.35%,-1.35,-1.24,0.0,-0.5
2020-02-26,817.00,817.00,817.00,817.00,,-3.88%,-3.88,-1.35,0.0,0.0
2020-02-25,850.00,850.00,850.00,850.00,,-1.39%,-1.39,-3.88,-1.24,0.0
2020-02-24,862.00,862.00,862.00,862.00,,-0.35%,-0.35,-1.39,-1.35,0.0
2020-02-21,865.00,865.00,865.00,865.00,,-0.57%,-0.57,-0.35,-3.88,-1.24
2020-02-20,870.00,870.00,870.00,870.00,,-0.23%,-0.23,-0.57,-1.39,-1.35
2020-02-19,872.00,872.00,872.00,872.00,,0.11%,0.11,-0.23,-0.35,-3.88
2020-02-18,871.00,871.00,871.00,871.00,,0.00%,0.0,0.11,-0.57,-1.39
2020-02-17,871.00,871.00,871.00,871.00,,0.69%,0.69,0.0,-0.23,-0.35
2020-02-14,865.00,865.00,865.00,865.00,,1.17%,1.17,0.69,0.11,-0.57
2020-02-13,855.00,855.00,855.00,855.00,,0.94%,0.94,1.17,0.0,-0.23
2020-02-12,847.00,847.00,847.00,847.00,,0.83%,0.83,0.94,0.69,0.11
2020-02-11,840.00,840.00,840.00,840.00,,2.94%,2.94,0.83,1.17,0.0
2020-02-10,816.00,816.00,816.00,816.00,,1.62%,1.62,2.94,0.94,0.69
2020-02-07,803.00,803.00,803.00,803.00,,0.88%,0.88,1.62,0.83,1.17
2020-02-06,796.00,796.00,796.00,796.00,,-0.25%,-0.25,0.88,2.94,0.94
2020-02-05,798.00,798.00,798.00,798.00,,-0.62%,-0.62,-0.25,1.62,0.83
2020-02-04,803.00,803.00,803.00,803.00,,-5.53%,-5.53,-0.62,0.88,2.94
2020-02-03,850.00,850.00,850.00,850.00,,-3.63%,-3.63,-5.53,-0.25,1.62
2020-01-31,882.00,882.00,882.00,882.00,,-5.57%,-5.57,-3.63,-0.62,0.88
2020-01-30,934.00,934.00,934.00,934.00,,-10.71%,-10.71,-5.57,-5.53,-0.25
2020-01-29,"1,046.00","1,046.00","1,046.00","1,046.00",,-4.30%,-4.3,-10.71,-3.63,-0.62
2020-01-28,"1,093.00","1,093.00","1,093.00","1,093.00",,-5.12%,-5.12,-4.3,-5.57,-5.53
2020-01-27,"1,152.00","1,152.00","1,152.00","1,152.00",,-3.19%,-3.19,-5.12,-10.71,-3.63
2020-01-24,"1,190.00","1,190.00","1,190.00","1,190.00",,-1.49%,-1.49,-3.19,-4.3,-5.57
2020-01-23,"1,208.00","1,208.00","1,208.00","1,208.00",,-2.34%,-2.34,-1.49,-5.12,-10.71
2020-01-22,"1,237.00","1,237.00","1,237.00","1,237.00",,0.81%,0.81,-2.34,-3.19,-4.3
2020-01-21,"1,227.00","1,227.00","1,227.00","1,227.00",,0.08%,0.08,0.81,-1.49,-5.12
2020-01-20,"1,226.00","1,226.00","1,226.00","1,226.00",,-1.21%,-1.21,0.08,-2.34,-3.19
2020-01-17,"1,241.00","1,241.00","1,241.00","1,241.00",,-4.90%,-4.9,-1.21,0.81,-1.49
2020-01-16,"1,305.00","1,305.00","1,305.00","1,305.00",,-2.61%,-2.61,-4.9,0.08,-2.34
2020-01-15,"1,340.00","1,340.00","1,340.00","1,340.00",,-4.01%,-4.01,-2.61,-1.21,0.81
2020-01-14,"1,396.00","1,396.00","1,396.00","1,396.00",,-3.59%,-3.59,-4.01,-4.9,0.08
2020-01-13,"1,448.00","1,448.00","1,448.00","1,448.00",,-1.70%,-1.7,-3.59,-2.61,-1.21
2020-01-10,"1,473.00","1,473.00","1,473.00","1,473.00",,-2.32%,-2.32,-1.7,-4.01,-4.9
2020-01-09,"1,508.00","1,508.00","1,508.00","1,508.00",,-0.79%,-0.79,-2.32,-3.59,-2.61
2020-01-08,"1,520.00","1,520.00","1,520.00","1,520.00",,0.73%,0.73,-0.79,-1.7,-4.01
2020-01-07,"1,509.00","1,509.00","1,509.00","1,509.00",,0.60%,0.6,0.73,-2.32,-3.59
2020-01-06,"1,500.00","1,500.00","1,500.00","1,500.00",,-1.12%,-1.12,0.6,-0.79,-1.7
2020-01-03,"1,517.00","1,517.00","1,517.00","1,517.00",,0.93%,0.93,-1.12,0.73,-2.32
2020-01-02,"1,503.00","1,503.00","1,503.00","1,503.00",,-5.89%,-5.89,0.93,0.6,-0.79
