"Date","Price","Open","High","Low","Vol.","Change %"
"03/31/2025","1,107.00","1,107.00","1,107.00","1,107.00","","0.18%"
"03/28/2025","1,105.00","1,105.00","1,105.00","1,105.00","","0.27%"
"03/27/2025","1,102.00","1,102.00","1,102.00","1,102.00","","9.00%"
"03/25/2025","1,011.00","1,011.00","1,011.00","1,011.00","","1.71%"
"03/24/2025","994.00","994.00","994.00","994.00","","12.83%"
"03/06/2025","881.00","881.00","881.00","881.00","","-0.23%"
"03/05/2025","883.00","883.00","883.00","883.00","","-0.11%"
"03/04/2025","884.00","884.00","884.00","884.00","","0.34%"
"03/03/2025","881.00","881.00","881.00","881.00","","-0.45%"
"02/28/2025","885.00","885.00","885.00","885.00","","0.57%"
"02/27/2025","880.00","880.00","880.00","880.00","","-0.23%"
"02/26/2025","882.00","882.00","882.00","882.00","","-0.68%"
"02/25/2025","888.00","888.00","888.00","888.00","","-1.33%"
"02/24/2025","900.00","900.00","900.00","900.00","","-1.21%"
"02/21/2025","911.00","911.00","911.00","911.00","","-0.98%"
"02/20/2025","920.00","920.00","920.00","920.00","","-0.54%"
"02/19/2025","925.00","925.00","925.00","925.00","","0.76%"
"02/18/2025","918.00","918.00","918.00","918.00","","0.66%"
"02/17/2025","912.00","912.00","912.00","912.00","","0.22%"
"02/14/2025","910.00","910.00","910.00","910.00","","1.79%"
"02/13/2025","894.00","894.00","894.00","894.00","","0.45%"
"02/12/2025","890.00","890.00","890.00","890.00","","-0.22%"
"02/11/2025","892.00","892.00","892.00","892.00","","-0.78%"
"02/10/2025","899.00","899.00","899.00","899.00","","-0.44%"
"02/07/2025","903.00","903.00","903.00","903.00","","0.00%"
"02/06/2025","903.00","903.00","903.00","903.00","","0.33%"
"02/05/2025","900.00","900.00","900.00","900.00","","0.22%"
"02/04/2025","898.00","898.00","898.00","898.00","","1.93%"
"02/03/2025","881.00","881.00","881.00","881.00","","0.57%"
"01/31/2025","876.00","876.00","876.00","876.00","","0.92%"
"01/30/2025","868.00","868.00","868.00","868.00","","2.12%"
"01/29/2025","850.00","850.00","850.00","850.00","","0.83%"
"01/28/2025","843.00","843.00","843.00","843.00","","0.36%"
"01/27/2025","840.00","840.00","840.00","840.00","","-0.59%"
"01/24/2025","845.00","845.00","845.00","845.00","","-1.29%"
"01/23/2025","856.00","856.00","856.00","856.00","","-2.95%"
"01/22/2025","882.00","882.00","882.00","882.00","","-2.22%"
"01/21/2025","902.00","902.00","902.00","902.00","","-1.64%"
"01/20/2025","917.00","917.00","917.00","917.00","","0.55%"
"01/17/2025","912.00","912.00","912.00","912.00","","0.00%"
"01/16/2025","912.00","912.00","912.00","912.00","","3.17%"
"01/15/2025","884.00","884.00","884.00","884.00","","0.57%"
"01/14/2025","879.00","879.00","879.00","879.00","","2.81%"
"01/13/2025","855.00","855.00","855.00","855.00","","4.14%"
"01/10/2025","821.00","821.00","821.00","821.00","","2.75%"
"01/09/2025","799.00","799.00","799.00","799.00","","-0.75%"
"01/08/2025","805.00","805.00","805.00","805.00","","-1.11%"
"01/07/2025","814.00","814.00","814.00","814.00","","-1.81%"
"01/06/2025","829.00","829.00","829.00","829.00","","-1.43%"
"01/03/2025","841.00","841.00","841.00","841.00","","-1.41%"
"01/02/2025","853.00","853.00","853.00","853.00","","-7.98%"
"12/24/2024","927.00","927.00","927.00","927.00","","-0.22%"
"12/23/2024","929.00","929.00","929.00","929.00","","0.43%"
"12/20/2024","925.00","925.00","925.00","925.00","","1.20%"
"12/19/2024","914.00","914.00","914.00","914.00","","-0.44%"
"12/18/2024","918.00","918.00","918.00","918.00","","-1.18%"
"12/17/2024","929.00","929.00","929.00","929.00","","0.76%"
"12/16/2024","922.00","922.00","922.00","922.00","","0.11%"
"12/13/2024","921.00","921.00","921.00","921.00","","-0.86%"
"12/12/2024","929.00","929.00","929.00","929.00","","-0.21%"
"12/11/2024","931.00","931.00","931.00","931.00","","-0.11%"
"12/10/2024","932.00","932.00","932.00","932.00","","-0.53%"
"12/09/2024","937.00","937.00","937.00","937.00","","-0.64%"
"12/06/2024","943.00","943.00","943.00","943.00","","-0.11%"
"12/05/2024","944.00","944.00","944.00","944.00","","1.94%"
"12/04/2024","926.00","926.00","926.00","926.00","","4.28%"
"12/03/2024","888.00","888.00","888.00","888.00","","-0.22%"
"12/02/2024","890.00","890.00","890.00","890.00","","-0.22%"
"11/29/2024","892.00","892.00","892.00","892.00","","-0.11%"
"11/28/2024","893.00","893.00","893.00","893.00","","-0.22%"
"11/27/2024","895.00","895.00","895.00","895.00","","0.67%"
"11/26/2024","889.00","889.00","889.00","889.00","","-1.77%"
"11/25/2024","905.00","905.00","905.00","905.00","","-0.33%"
"11/22/2024","908.00","908.00","908.00","908.00","","-0.66%"
"11/21/2024","914.00","914.00","914.00","914.00","","-0.11%"
"11/20/2024","915.00","915.00","915.00","915.00","","-0.97%"
"11/19/2024","924.00","924.00","924.00","924.00","","1.87%"
"11/18/2024","907.00","907.00","907.00","907.00","","1.91%"
"11/15/2024","890.00","890.00","890.00","890.00","","0.11%"
"11/14/2024","889.00","889.00","889.00","889.00","","0.00%"
"11/13/2024","889.00","889.00","889.00","889.00","","-1.44%"
"11/12/2024","902.00","902.00","902.00","902.00","","-0.88%"
"11/11/2024","910.00","910.00","910.00","910.00","","-0.33%"
"11/08/2024","913.00","913.00","913.00","913.00","","-0.98%"
"11/07/2024","922.00","922.00","922.00","922.00","","-0.97%"
"11/06/2024","931.00","931.00","931.00","931.00","","-1.38%"
"11/05/2024","944.00","944.00","944.00","944.00","","-0.63%"
"11/04/2024","950.00","950.00","950.00","950.00","","-0.73%"
"11/01/2024","957.00","957.00","957.00","957.00","","-0.93%"
"10/31/2024","966.00","966.00","966.00","966.00","","-0.51%"
"10/30/2024","971.00","971.00","971.00","971.00","","-2.12%"
"10/29/2024","992.00","992.00","992.00","992.00","","-2.07%"
"10/28/2024","1,013.00","1,013.00","1,013.00","1,013.00","","-2.22%"
"10/25/2024","1,036.00","1,036.00","1,036.00","1,036.00","","-0.48%"
"10/24/2024","1,041.00","1,041.00","1,041.00","1,041.00","","-0.29%"
"10/23/2024","1,044.00","1,044.00","1,044.00","1,044.00","","-0.95%"
"10/22/2024","1,054.00","1,054.00","1,054.00","1,054.00","","0.96%"
"10/21/2024","1,044.00","1,044.00","1,044.00","1,044.00","","0.10%"
"10/18/2024","1,043.00","1,043.00","1,043.00","1,043.00","","0.58%"
"10/17/2024","1,037.00","1,037.00","1,037.00","1,037.00","","0.10%"
"10/16/2024","1,036.00","1,036.00","1,036.00","1,036.00","","-0.29%"
"10/15/2024","1,039.00","1,039.00","1,039.00","1,039.00","","0.10%"
"10/14/2024","1,038.00","1,038.00","1,038.00","1,038.00","","0.19%"
"10/11/2024","1,036.00","1,036.00","1,036.00","1,036.00","","-0.19%"
"10/10/2024","1,038.00","1,038.00","1,038.00","1,038.00","","1.37%"
"10/09/2024","1,024.00","1,024.00","1,024.00","1,024.00","","-1.54%"
"10/08/2024","1,040.00","1,040.00","1,040.00","1,040.00","","-1.70%"
"10/07/2024","1,058.00","1,058.00","1,058.00","1,058.00","","-0.19%"
"10/04/2024","1,060.00","1,060.00","1,060.00","1,060.00","","2.02%"
"10/03/2024","1,039.00","1,039.00","1,039.00","1,039.00","","9.25%"
"10/02/2024","951.00","951.00","951.00","951.00","","9.69%"
"10/01/2024","867.00","867.00","867.00","867.00","","0.46%"
"09/30/2024","863.00","863.00","863.00","863.00","","0.12%"
"09/27/2024","862.00","862.00","862.00","862.00","","0.23%"
"09/26/2024","860.00","860.00","860.00","860.00","","-0.58%"
"09/25/2024","865.00","865.00","865.00","865.00","","-1.26%"
"09/24/2024","876.00","876.00","876.00","876.00","","-1.35%"
"09/23/2024","888.00","888.00","888.00","888.00","","-0.67%"
"09/20/2024","894.00","894.00","894.00","894.00","","-0.33%"
"09/19/2024","897.00","897.00","897.00","897.00","","0.90%"
"09/18/2024","889.00","889.00","889.00","889.00","","0.11%"
"09/17/2024","888.00","888.00","888.00","888.00","","0.68%"
"09/16/2024","882.00","882.00","882.00","882.00","","-0.11%"
"09/13/2024","883.00","883.00","883.00","883.00","","0.00%"
"09/12/2024","883.00","883.00","883.00","883.00","","-0.23%"
"09/11/2024","885.00","885.00","885.00","885.00","","0.00%"
"09/10/2024","885.00","885.00","885.00","885.00","","0.57%"
"09/09/2024","880.00","880.00","880.00","880.00","","1.15%"
"09/06/2024","870.00","870.00","870.00","870.00","","0.46%"
"09/05/2024","866.00","866.00","866.00","866.00","","0.23%"
"09/04/2024","864.00","864.00","864.00","864.00","","-0.46%"
"09/03/2024","868.00","868.00","868.00","868.00","","-0.46%"
"09/02/2024","872.00","872.00","872.00","872.00","","-1.02%"
"08/30/2024","881.00","881.00","881.00","881.00","","-0.34%"
"08/29/2024","884.00","884.00","884.00","884.00","","-1.45%"
"08/28/2024","897.00","897.00","897.00","897.00","","-1.54%"
"08/27/2024","911.00","911.00","911.00","911.00","","-0.98%"
"08/23/2024","920.00","920.00","920.00","920.00","","-0.54%"
"08/22/2024","925.00","925.00","925.00","925.00","","-1.49%"
"08/21/2024","939.00","939.00","939.00","939.00","","-0.42%"
"08/20/2024","943.00","943.00","943.00","943.00","","0.32%"
"08/19/2024","940.00","940.00","940.00","940.00","","0.43%"
"08/16/2024","936.00","936.00","936.00","936.00","","0.86%"
"08/15/2024","928.00","928.00","928.00","928.00","","2.77%"
"08/14/2024","903.00","903.00","903.00","903.00","","-0.11%"
"08/13/2024","904.00","904.00","904.00","904.00","","-1.20%"
"08/12/2024","915.00","915.00","915.00","915.00","","-0.76%"
"08/09/2024","922.00","922.00","922.00","922.00","","-0.54%"
"08/08/2024","927.00","927.00","927.00","927.00","","-0.32%"
"08/07/2024","930.00","930.00","930.00","930.00","","-0.53%"
"08/06/2024","935.00","935.00","935.00","935.00","","-0.53%"
"08/05/2024","940.00","940.00","940.00","940.00","","-1.26%"
"08/02/2024","952.00","952.00","952.00","952.00","","-0.83%"
"08/01/2024","960.00","960.00","960.00","960.00","","-1.23%"
"07/31/2024","972.00","972.00","972.00","972.00","","-3.09%"
"07/30/2024","1,003.00","1,003.00","1,003.00","1,003.00","","-1.38%"
"07/29/2024","1,017.00","1,017.00","1,017.00","1,017.00","","-0.59%"
"07/26/2024","1,023.00","1,023.00","1,023.00","1,023.00","","-1.25%"
"07/25/2024","1,036.00","1,036.00","1,036.00","1,036.00","","-0.77%"
"07/24/2024","1,044.00","1,044.00","1,044.00","1,044.00","","-1.04%"
"07/23/2024","1,055.00","1,055.00","1,055.00","1,055.00","","0.09%"
"07/22/2024","1,054.00","1,054.00","1,054.00","1,054.00","","-0.19%"
"07/19/2024","1,056.00","1,056.00","1,056.00","1,056.00","","1.15%"
"07/18/2024","1,044.00","1,044.00","1,044.00","1,044.00","","-0.19%"
"07/17/2024","1,046.00","1,046.00","1,046.00","1,046.00","","-0.76%"
"07/16/2024","1,054.00","1,054.00","1,054.00","1,054.00","","-0.28%"
"07/15/2024","1,057.00","1,057.00","1,057.00","1,057.00","","-0.66%"
"07/12/2024","1,064.00","1,064.00","1,064.00","1,064.00","","0.19%"
"07/11/2024","1,062.00","1,062.00","1,062.00","1,062.00","","0.28%"
"07/10/2024","1,059.00","1,059.00","1,059.00","1,059.00","","-0.47%"
"07/09/2024","1,064.00","1,064.00","1,064.00","1,064.00","","-1.30%"
"07/08/2024","1,078.00","1,078.00","1,078.00","1,078.00","","-2.18%"
"07/05/2024","1,102.00","1,102.00","1,102.00","1,102.00","","-0.54%"
"07/04/2024","1,108.00","1,108.00","1,108.00","1,108.00","","-1.16%"
"07/03/2024","1,121.00","1,121.00","1,121.00","1,121.00","","-0.53%"
"07/02/2024","1,127.00","1,127.00","1,127.00","1,127.00","","-1.31%"
"07/01/2024","1,142.00","1,142.00","1,142.00","1,142.00","","-0.70%"
"06/28/2024","1,150.00","1,150.00","1,150.00","1,150.00","","-0.95%"
"06/27/2024","1,161.00","1,161.00","1,161.00","1,161.00","","-1.36%"
"06/26/2024","1,177.00","1,177.00","1,177.00","1,177.00","","-0.34%"
"06/25/2024","1,181.00","1,181.00","1,181.00","1,181.00","","-0.76%"
"06/24/2024","1,190.00","1,190.00","1,190.00","1,190.00","","-1.24%"
"06/21/2024","1,205.00","1,205.00","1,205.00","1,205.00","","-1.07%"
"06/20/2024","1,218.00","1,218.00","1,218.00","1,218.00","","-0.49%"
"06/19/2024","1,224.00","1,224.00","1,224.00","1,224.00","","-0.16%"
"06/18/2024","1,226.00","1,226.00","1,226.00","1,226.00","","-0.41%"
"06/17/2024","1,231.00","1,231.00","1,231.00","1,231.00","","-0.73%"
"06/14/2024","1,240.00","1,240.00","1,240.00","1,240.00","","-1.04%"
"06/13/2024","1,253.00","1,253.00","1,253.00","1,253.00","","-1.10%"
"06/12/2024","1,267.00","1,267.00","1,267.00","1,267.00","","0.16%"
"06/11/2024","1,265.00","1,265.00","1,265.00","1,265.00","","-0.08%"
"06/10/2024","1,266.00","1,266.00","1,266.00","1,266.00","","-0.08%"
"06/07/2024","1,267.00","1,267.00","1,267.00","1,267.00","","1.69%"
"06/06/2024","1,246.00","1,246.00","1,246.00","1,246.00","","-0.40%"
"06/05/2024","1,251.00","1,251.00","1,251.00","1,251.00","","1.05%"
"06/04/2024","1,238.00","1,238.00","1,238.00","1,238.00","","0.08%"
"06/03/2024","1,237.00","1,237.00","1,237.00","1,237.00","","-0.32%"
"05/31/2024","1,241.00","1,241.00","1,241.00","1,241.00","","0.57%"
"05/30/2024","1,234.00","1,234.00","1,234.00","1,234.00","","0.16%"
"05/29/2024","1,232.00","1,232.00","1,232.00","1,232.00","","-0.65%"
"05/28/2024","1,240.00","1,240.00","1,240.00","1,240.00","","0.49%"
"05/24/2024","1,234.00","1,234.00","1,234.00","1,234.00","","0.24%"
"05/23/2024","1,231.00","1,231.00","1,231.00","1,231.00","","-0.40%"
"05/22/2024","1,236.00","1,236.00","1,236.00","1,236.00","","0.16%"
"05/21/2024","1,234.00","1,234.00","1,234.00","1,234.00","","2.41%"
"05/20/2024","1,205.00","1,205.00","1,205.00","1,205.00","","0.84%"
"05/17/2024","1,195.00","1,195.00","1,195.00","1,195.00","","1.44%"
"05/16/2024","1,178.00","1,178.00","1,178.00","1,178.00","","2.17%"
"05/15/2024","1,153.00","1,153.00","1,153.00","1,153.00","","0.26%"
"05/14/2024","1,150.00","1,150.00","1,150.00","1,150.00","","0.00%"
"05/13/2024","1,150.00","1,150.00","1,150.00","1,150.00","","-0.43%"
"05/10/2024","1,155.00","1,155.00","1,155.00","1,155.00","","0.61%"
"05/09/2024","1,148.00","1,148.00","1,148.00","1,148.00","","0.79%"
"05/08/2024","1,139.00","1,139.00","1,139.00","1,139.00","","0.89%"
"05/07/2024","1,129.00","1,129.00","1,129.00","1,129.00","","0.62%"
"05/03/2024","1,122.00","1,122.00","1,122.00","1,122.00","","0.81%"
"05/02/2024","1,113.00","1,113.00","1,113.00","1,113.00","","-0.36%"
"05/01/2024","1,117.00","1,117.00","1,117.00","1,117.00","","-0.53%"
"04/30/2024","1,123.00","1,123.00","1,123.00","1,123.00","","0.27%"
"04/29/2024","1,120.00","1,120.00","1,120.00","1,120.00","","0.72%"
"04/26/2024","1,112.00","1,112.00","1,112.00","1,112.00","","1.09%"
"04/25/2024","1,100.00","1,100.00","1,100.00","1,100.00","","0.36%"
"04/24/2024","1,096.00","1,096.00","1,096.00","1,096.00","","0.74%"
"04/23/2024","1,088.00","1,088.00","1,088.00","1,088.00","","-1.81%"
"04/22/2024","1,108.00","1,108.00","1,108.00","1,108.00","","-0.54%"
"04/19/2024","1,114.00","1,114.00","1,114.00","1,114.00","","-1.24%"
"04/18/2024","1,128.00","1,128.00","1,128.00","1,128.00","","-0.53%"
"04/17/2024","1,134.00","1,134.00","1,134.00","1,134.00","","-3.32%"
"04/16/2024","1,173.00","1,173.00","1,173.00","1,173.00","","-1.76%"
"04/15/2024","1,194.00","1,194.00","1,194.00","1,194.00","","-0.67%"
"04/12/2024","1,202.00","1,202.00","1,202.00","1,202.00","","-0.25%"
"04/11/2024","1,205.00","1,205.00","1,205.00","1,205.00","","0.84%"
"04/10/2024","1,195.00","1,195.00","1,195.00","1,195.00","","2.58%"
"04/09/2024","1,165.00","1,165.00","1,165.00","1,165.00","","4.58%"
"04/08/2024","1,114.00","1,114.00","1,114.00","1,114.00","","-0.71%"
"04/05/2024","1,122.00","1,122.00","1,122.00","1,122.00","","-0.44%"
"04/04/2024","1,127.00","1,127.00","1,127.00","1,127.00","","0.36%"
"04/03/2024","1,123.00","1,123.00","1,123.00","1,123.00","","-0.53%"
"04/02/2024","1,129.00","1,129.00","1,129.00","1,129.00","","-0.70%"
"03/28/2024","1,137.00","1,137.00","1,137.00","1,137.00","","-0.35%"
"03/27/2024","1,141.00","1,141.00","1,141.00","1,141.00","","-1.13%"
"03/26/2024","1,154.00","1,154.00","1,154.00","1,154.00","","-0.43%"
"03/25/2024","1,159.00","1,159.00","1,159.00","1,159.00","","-0.17%"
"03/22/2024","1,161.00","1,161.00","1,161.00","1,161.00","","-1.02%"
"03/21/2024","1,173.00","1,173.00","1,173.00","1,173.00","","-1.68%"
"03/20/2024","1,193.00","1,193.00","1,193.00","1,193.00","","-1.00%"
"03/19/2024","1,205.00","1,205.00","1,205.00","1,205.00","","-0.58%"
"03/18/2024","1,212.00","1,212.00","1,212.00","1,212.00","","0.83%"
"03/15/2024","1,202.00","1,202.00","1,202.00","1,202.00","","0.42%"
"03/14/2024","1,197.00","1,197.00","1,197.00","1,197.00","","-0.08%"
"03/13/2024","1,198.00","1,198.00","1,198.00","1,198.00","","0.76%"
"03/12/2024","1,189.00","1,189.00","1,189.00","1,189.00","","0.00%"
"03/11/2024","1,189.00","1,189.00","1,189.00","1,189.00","","0.25%"
"03/08/2024","1,186.00","1,186.00","1,186.00","1,186.00","","-0.17%"
"03/07/2024","1,188.00","1,188.00","1,188.00","1,188.00","","-0.34%"
"03/06/2024","1,192.00","1,192.00","1,192.00","1,192.00","","0.17%"
"03/05/2024","1,190.00","1,190.00","1,190.00","1,190.00","","3.93%"
"03/04/2024","1,145.00","1,145.00","1,145.00","1,145.00","","0.26%"
"03/01/2024","1,142.00","1,142.00","1,142.00","1,142.00","","-0.26%"
"02/29/2024","1,145.00","1,145.00","1,145.00","1,145.00","","-0.95%"
"02/28/2024","1,156.00","1,156.00","1,156.00","1,156.00","","-2.03%"
"02/27/2024","1,180.00","1,180.00","1,180.00","1,180.00","","-0.92%"
"02/26/2024","1,191.00","1,191.00","1,191.00","1,191.00","","-1.49%"
"02/23/2024","1,209.00","1,209.00","1,209.00","1,209.00","","-2.26%"
"02/22/2024","1,237.00","1,237.00","1,237.00","1,237.00","","-3.81%"
"02/21/2024","1,286.00","1,286.00","1,286.00","1,286.00","","-2.87%"
"02/20/2024","1,324.00","1,324.00","1,324.00","1,324.00","","-1.05%"
"02/19/2024","1,338.00","1,338.00","1,338.00","1,338.00","","-0.22%"
"02/16/2024","1,341.00","1,341.00","1,341.00","1,341.00","","0.37%"
"02/15/2024","1,336.00","1,336.00","1,336.00","1,336.00","","2.45%"
"02/14/2024","1,304.00","1,304.00","1,304.00","1,304.00","","0.62%"
"02/13/2024","1,296.00","1,296.00","1,296.00","1,296.00","","0.86%"
"02/12/2024","1,285.00","1,285.00","1,285.00","1,285.00","","1.34%"
"02/09/2024","1,268.00","1,268.00","1,268.00","1,268.00","","1.04%"
"02/08/2024","1,255.00","1,255.00","1,255.00","1,255.00","","0.08%"
"02/07/2024","1,254.00","1,254.00","1,254.00","1,254.00","","-0.63%"
"02/06/2024","1,262.00","1,262.00","1,262.00","1,262.00","","-0.94%"
"02/05/2024","1,274.00","1,274.00","1,274.00","1,274.00","","-1.01%"
"02/02/2024","1,287.00","1,287.00","1,287.00","1,287.00","","-0.62%"
"02/01/2024","1,295.00","1,295.00","1,295.00","1,295.00","","-0.84%"
"01/31/2024","1,306.00","1,306.00","1,306.00","1,306.00","","-0.99%"
"01/30/2024","1,319.00","1,319.00","1,319.00","1,319.00","","-2.01%"
"01/29/2024","1,346.00","1,346.00","1,346.00","1,346.00","","-0.07%"
"01/26/2024","1,347.00","1,347.00","1,347.00","1,347.00","","1.58%"
"01/25/2024","1,326.00","1,326.00","1,326.00","1,326.00","","-0.15%"
"01/24/2024","1,328.00","1,328.00","1,328.00","1,328.00","","-1.12%"
"01/23/2024","1,343.00","1,343.00","1,343.00","1,343.00","","-3.59%"
"01/22/2024","1,393.00","1,393.00","1,393.00","1,393.00","","-2.11%"
"01/19/2024","1,423.00","1,423.00","1,423.00","1,423.00","","-5.13%"
"01/18/2024","1,500.00","1,500.00","1,500.00","1,500.00","","-2.72%"
"01/17/2024","1,542.00","1,542.00","1,542.00","1,542.00","","-0.64%"
"01/16/2024","1,552.00","1,552.00","1,552.00","1,552.00","","1.97%"
"01/15/2024","1,522.00","1,522.00","1,522.00","1,522.00","","3.33%"
"01/12/2024","1,473.00","1,473.00","1,473.00","1,473.00","","0.61%"
"01/11/2024","1,464.00","1,464.00","1,464.00","1,464.00","","0.48%"
"01/10/2024","1,457.00","1,457.00","1,457.00","1,457.00","","0.34%"
"01/09/2024","1,452.00","1,452.00","1,452.00","1,452.00","","2.54%"
"01/08/2024","1,416.00","1,416.00","1,416.00","1,416.00","","2.31%"
"01/05/2024","1,384.00","1,384.00","1,384.00","1,384.00","","4.22%"
"01/04/2024","1,328.00","1,328.00","1,328.00","1,328.00","","2.55%"
"01/03/2024","1,295.00","1,295.00","1,295.00","1,295.00","","2.94%"
"01/02/2024","1,258.00","1,258.00","1,258.00","1,258.00","","4.83%"
"12/22/2023","1,200.00","1,200.00","1,200.00","1,200.00","","0.25%"
"12/21/2023","1,197.00","1,197.00","1,197.00","1,197.00","","1.35%"
"12/20/2023","1,181.00","1,181.00","1,181.00","1,181.00","","3.51%"
"12/19/2023","1,141.00","1,141.00","1,141.00","1,141.00","","2.24%"
"12/18/2023","1,116.00","1,116.00","1,116.00","1,116.00","","1.18%"
"12/15/2023","1,103.00","1,103.00","1,103.00","1,103.00","","1.01%"
"12/14/2023","1,092.00","1,092.00","1,092.00","1,092.00","","0.18%"
"12/13/2023","1,090.00","1,090.00","1,090.00","1,090.00","","-1.18%"
"12/12/2023","1,103.00","1,103.00","1,103.00","1,103.00","","-1.34%"
"12/11/2023","1,118.00","1,118.00","1,118.00","1,118.00","","-0.97%"
"12/08/2023","1,129.00","1,129.00","1,129.00","1,129.00","","-1.40%"
"12/07/2023","1,145.00","1,145.00","1,145.00","1,145.00","","-1.89%"
"12/06/2023","1,167.00","1,167.00","1,167.00","1,167.00","","-0.51%"
"12/05/2023","1,173.00","1,173.00","1,173.00","1,173.00","","0.17%"
"12/04/2023","1,171.00","1,171.00","1,171.00","1,171.00","","-0.09%"
"12/01/2023","1,172.00","1,172.00","1,172.00","1,172.00","","-1.01%"
"11/30/2023","1,184.00","1,184.00","1,184.00","1,184.00","","-0.67%"
"11/29/2023","1,192.00","1,192.00","1,192.00","1,192.00","","-1.24%"
"11/28/2023","1,207.00","1,207.00","1,207.00","1,207.00","","-1.23%"
"11/27/2023","1,222.00","1,222.00","1,222.00","1,222.00","","-0.89%"
"11/24/2023","1,233.00","1,233.00","1,233.00","1,233.00","","0.00%"
"11/23/2023","1,233.00","1,233.00","1,233.00","1,233.00","","-0.56%"
"11/22/2023","1,240.00","1,240.00","1,240.00","1,240.00","","-1.82%"
"11/21/2023","1,263.00","1,263.00","1,263.00","1,263.00","","-3.59%"
"11/20/2023","1,310.00","1,310.00","1,310.00","1,310.00","","-0.53%"
"11/17/2023","1,317.00","1,317.00","1,317.00","1,317.00","","-1.42%"
"11/16/2023","1,336.00","1,336.00","1,336.00","1,336.00","","-0.07%"
"11/15/2023","1,337.00","1,337.00","1,337.00","1,337.00","","-0.59%"
"11/14/2023","1,345.00","1,345.00","1,345.00","1,345.00","","-2.04%"
"11/13/2023","1,373.00","1,373.00","1,373.00","1,373.00","","-1.36%"
"11/10/2023","1,392.00","1,392.00","1,392.00","1,392.00","","-0.85%"
"11/09/2023","1,404.00","1,404.00","1,404.00","1,404.00","","-1.40%"
"11/08/2023","1,424.00","1,424.00","1,424.00","1,424.00","","-0.63%"
"11/07/2023","1,433.00","1,433.00","1,433.00","1,433.00","","-0.97%"
"11/06/2023","1,447.00","1,447.00","1,447.00","1,447.00","","-1.23%"
"11/03/2023","1,465.00","1,465.00","1,465.00","1,465.00","","0.21%"
"11/02/2023","1,462.00","1,462.00","1,462.00","1,462.00","","-1.68%"
"11/01/2023","1,487.00","1,487.00","1,487.00","1,487.00","","0.27%"
"10/31/2023","1,483.00","1,483.00","1,483.00","1,483.00","","2.06%"
"10/30/2023","1,453.00","1,453.00","1,453.00","1,453.00","","2.76%"
"10/27/2023","1,414.00","1,414.00","1,414.00","1,414.00","","3.06%"
"10/26/2023","1,372.00","1,372.00","1,372.00","1,372.00","","1.78%"
"10/25/2023","1,348.00","1,348.00","1,348.00","1,348.00","","1.28%"
"10/24/2023","1,331.00","1,331.00","1,331.00","1,331.00","","1.14%"
"10/23/2023","1,316.00","1,316.00","1,316.00","1,316.00","","2.33%"
"10/20/2023","1,286.00","1,286.00","1,286.00","1,286.00","","0.94%"
"10/19/2023","1,274.00","1,274.00","1,274.00","1,274.00","","0.16%"
"10/18/2023","1,272.00","1,272.00","1,272.00","1,272.00","","2.25%"
"10/17/2023","1,244.00","1,244.00","1,244.00","1,244.00","","1.88%"
"10/16/2023","1,221.00","1,221.00","1,221.00","1,221.00","","6.27%"
"10/13/2023","1,149.00","1,149.00","1,149.00","1,149.00","","9.01%"
"10/12/2023","1,054.00","1,054.00","1,054.00","1,054.00","","10.37%"
"10/11/2023","955.00","955.00","955.00","955.00","","4.83%"
"10/10/2023","911.00","911.00","911.00","911.00","","3.41%"
"10/09/2023","881.00","881.00","881.00","881.00","","1.15%"
"10/06/2023","871.00","871.00","871.00","871.00","","1.99%"
"10/05/2023","854.00","854.00","854.00","854.00","","0.95%"
"10/04/2023","846.00","846.00","846.00","846.00","","0.48%"
"10/03/2023","842.00","842.00","842.00","842.00","","0.36%"
"10/02/2023","839.00","839.00","839.00","839.00","","1.45%"
"09/29/2023","827.00","827.00","827.00","827.00","","0.73%"
"09/28/2023","821.00","821.00","821.00","821.00","","0.86%"
"09/27/2023","814.00","814.00","814.00","814.00","","0.49%"
"09/26/2023","810.00","810.00","810.00","810.00","","1.38%"
"09/25/2023","799.00","799.00","799.00","799.00","","1.14%"
"09/22/2023","790.00","790.00","790.00","790.00","","1.80%"
"09/21/2023","776.00","776.00","776.00","776.00","","1.04%"
"09/20/2023","768.00","768.00","768.00","768.00","","2.54%"
"09/19/2023","749.00","749.00","749.00","749.00","","0.94%"
"09/18/2023","742.00","742.00","742.00","742.00","","0.27%"
"09/15/2023","740.00","740.00","740.00","740.00","","0.95%"
"09/14/2023","733.00","733.00","733.00","733.00","","1.52%"
"09/13/2023","722.00","722.00","722.00","722.00","","0.84%"
"09/12/2023","716.00","716.00","716.00","716.00","","0.28%"
"09/11/2023","714.00","714.00","714.00","714.00","","0.14%"
"09/08/2023","713.00","713.00","713.00","713.00","","-0.28%"
"09/07/2023","715.00","715.00","715.00","715.00","","-1.38%"
"09/06/2023","725.00","725.00","725.00","725.00","","-0.41%"
"09/05/2023","728.00","728.00","728.00","728.00","","-0.55%"
"09/04/2023","732.00","732.00","732.00","732.00","","-1.08%"
"09/01/2023","740.00","740.00","740.00","740.00","","-1.60%"
"08/31/2023","752.00","752.00","752.00","752.00","","-1.57%"
"08/30/2023","764.00","764.00","764.00","764.00","","-1.55%"
"08/29/2023","776.00","776.00","776.00","776.00","","-2.14%"
"08/25/2023","793.00","793.00","793.00","793.00","","-0.50%"
"08/24/2023","797.00","797.00","797.00","797.00","","-0.62%"
"08/23/2023","802.00","802.00","802.00","802.00","","-0.25%"
"08/22/2023","804.00","804.00","804.00","804.00","","0.25%"
"08/21/2023","802.00","802.00","802.00","802.00","","-0.12%"
"08/18/2023","803.00","803.00","803.00","803.00","","-0.74%"
"08/17/2023","809.00","809.00","809.00","809.00","","0.37%"
"08/16/2023","806.00","806.00","806.00","806.00","","1.00%"
"08/15/2023","798.00","798.00","798.00","798.00","","-0.37%"
"08/14/2023","801.00","801.00","801.00","801.00","","-0.12%"
"08/11/2023","802.00","802.00","802.00","802.00","","0.38%"
"08/10/2023","799.00","799.00","799.00","799.00","","0.00%"
"08/09/2023","799.00","799.00","799.00","799.00","","-0.13%"
"08/08/2023","800.00","800.00","800.00","800.00","","0.25%"
"08/07/2023","798.00","798.00","798.00","798.00","","-0.25%"
"08/04/2023","800.00","800.00","800.00","800.00","","-1.23%"
"08/03/2023","810.00","810.00","810.00","810.00","","-1.34%"
"08/02/2023","821.00","821.00","821.00","821.00","","-2.26%"
"08/01/2023","840.00","840.00","840.00","840.00","","-1.29%"
"07/31/2023","851.00","851.00","851.00","851.00","","-2.52%"
"07/28/2023","873.00","873.00","873.00","873.00","","-0.91%"
"07/27/2023","881.00","881.00","881.00","881.00","","-2.00%"
"07/26/2023","899.00","899.00","899.00","899.00","","-1.21%"
"07/25/2023","910.00","910.00","910.00","910.00","","-2.05%"
"07/24/2023","929.00","929.00","929.00","929.00","","-1.17%"
"07/21/2023","940.00","940.00","940.00","940.00","","-0.74%"
"07/20/2023","947.00","947.00","947.00","947.00","","-1.56%"
"07/19/2023","962.00","962.00","962.00","962.00","","-1.33%"
"07/18/2023","975.00","975.00","975.00","975.00","","0.52%"
"07/17/2023","970.00","970.00","970.00","970.00","","1.15%"
"07/14/2023","959.00","959.00","959.00","959.00","","3.23%"
"07/13/2023","929.00","929.00","929.00","929.00","","0.87%"
"07/12/2023","921.00","921.00","921.00","921.00","","-0.22%"
"07/11/2023","923.00","923.00","923.00","923.00","","-0.22%"
"07/10/2023","925.00","925.00","925.00","925.00","","-0.96%"
"07/07/2023","934.00","934.00","934.00","934.00","","-1.16%"
"07/06/2023","945.00","945.00","945.00","945.00","","-2.98%"
"07/05/2023","974.00","974.00","974.00","974.00","","-1.42%"
"07/04/2023","988.00","988.00","988.00","988.00","","-1.50%"
"07/03/2023","1,003.00","1,003.00","1,003.00","1,003.00","","-1.08%"
"06/30/2023","1,014.00","1,014.00","1,014.00","1,014.00","","0.60%"
"06/29/2023","1,008.00","1,008.00","1,008.00","1,008.00","","-0.88%"
"06/28/2023","1,017.00","1,017.00","1,017.00","1,017.00","","-2.77%"
"06/27/2023","1,046.00","1,046.00","1,046.00","1,046.00","","-1.13%"
"06/26/2023","1,058.00","1,058.00","1,058.00","1,058.00","","-1.12%"
"06/23/2023","1,070.00","1,070.00","1,070.00","1,070.00","","-2.99%"
"06/22/2023","1,103.00","1,103.00","1,103.00","1,103.00","","-3.33%"
"06/21/2023","1,141.00","1,141.00","1,141.00","1,141.00","","-3.39%"
"06/20/2023","1,181.00","1,181.00","1,181.00","1,181.00","","-0.25%"
"06/19/2023","1,184.00","1,184.00","1,184.00","1,184.00","","0.77%"
"06/16/2023","1,175.00","1,175.00","1,175.00","1,175.00","","2.35%"
"06/15/2023","1,148.00","1,148.00","1,148.00","1,148.00","","0.70%"
"06/14/2023","1,140.00","1,140.00","1,140.00","1,140.00","","2.61%"
"06/13/2023","1,111.00","1,111.00","1,111.00","1,111.00","","2.30%"
"06/12/2023","1,086.00","1,086.00","1,086.00","1,086.00","","3.53%"
"06/09/2023","1,049.00","1,049.00","1,049.00","1,049.00","","0.96%"
"06/08/2023","1,039.00","1,039.00","1,039.00","1,039.00","","0.00%"
"06/07/2023","1,039.00","1,039.00","1,039.00","1,039.00","","0.29%"
"06/06/2023","1,036.00","1,036.00","1,036.00","1,036.00","","-0.48%"
"06/05/2023","1,041.00","1,041.00","1,041.00","1,041.00","","-2.53%"
"06/02/2023","1,068.00","1,068.00","1,068.00","1,068.00","","-2.11%"
"06/01/2023","1,091.00","1,091.00","1,091.00","1,091.00","","-1.27%"
"05/31/2023","1,105.00","1,105.00","1,105.00","1,105.00","","-1.69%"
"05/30/2023","1,124.00","1,124.00","1,124.00","1,124.00","","-2.77%"
"05/26/2023","1,156.00","1,156.00","1,156.00","1,156.00","","-6.62%"
"05/25/2023","1,238.00","1,238.00","1,238.00","1,238.00","","-1.51%"
"05/24/2023","1,257.00","1,257.00","1,257.00","1,257.00","","-0.87%"
"05/23/2023","1,268.00","1,268.00","1,268.00","1,268.00","","-0.63%"
"05/22/2023","1,276.00","1,276.00","1,276.00","1,276.00","","-2.30%"
"05/19/2023","1,306.00","1,306.00","1,306.00","1,306.00","","-0.46%"
"05/18/2023","1,312.00","1,312.00","1,312.00","1,312.00","","-0.46%"
"05/17/2023","1,318.00","1,318.00","1,318.00","1,318.00","","1.46%"
"05/16/2023","1,299.00","1,299.00","1,299.00","1,299.00","","1.48%"
"05/15/2023","1,280.00","1,280.00","1,280.00","1,280.00","","2.24%"
"05/12/2023","1,252.00","1,252.00","1,252.00","1,252.00","","2.79%"
"05/11/2023","1,218.00","1,218.00","1,218.00","1,218.00","","5.09%"
"05/10/2023","1,159.00","1,159.00","1,159.00","1,159.00","","7.31%"
"05/09/2023","1,080.00","1,080.00","1,080.00","1,080.00","","0.75%"
"05/05/2023","1,072.00","1,072.00","1,072.00","1,072.00","","-0.46%"
"05/04/2023","1,077.00","1,077.00","1,077.00","1,077.00","","1.51%"
"05/03/2023","1,061.00","1,061.00","1,061.00","1,061.00","","2.71%"
"05/02/2023","1,033.00","1,033.00","1,033.00","1,033.00","","-1.24%"
"04/28/2023","1,046.00","1,046.00","1,046.00","1,046.00","","-0.66%"
"04/27/2023","1,053.00","1,053.00","1,053.00","1,053.00","","-1.40%"
"04/26/2023","1,068.00","1,068.00","1,068.00","1,068.00","","-4.47%"
"04/25/2023","1,118.00","1,118.00","1,118.00","1,118.00","","-1.67%"
"04/24/2023","1,137.00","1,137.00","1,137.00","1,137.00","","-0.79%"
"04/21/2023","1,146.00","1,146.00","1,146.00","1,146.00","","0.00%"
"04/20/2023","1,146.00","1,146.00","1,146.00","1,146.00","","-2.39%"
"04/19/2023","1,174.00","1,174.00","1,174.00","1,174.00","","-1.92%"
"04/18/2023","1,197.00","1,197.00","1,197.00","1,197.00","","-1.80%"
"04/17/2023","1,219.00","1,219.00","1,219.00","1,219.00","","-1.85%"
"04/14/2023","1,242.00","1,242.00","1,242.00","1,242.00","","-1.11%"
"04/13/2023","1,256.00","1,256.00","1,256.00","1,256.00","","-1.57%"
"04/12/2023","1,276.00","1,276.00","1,276.00","1,276.00","","-1.47%"
"04/11/2023","1,295.00","1,295.00","1,295.00","1,295.00","","-1.82%"
"04/06/2023","1,319.00","1,319.00","1,319.00","1,319.00","","-0.98%"
"04/05/2023","1,332.00","1,332.00","1,332.00","1,332.00","","-0.15%"
"04/04/2023","1,334.00","1,334.00","1,334.00","1,334.00","","-2.13%"
"04/03/2023","1,363.00","1,363.00","1,363.00","1,363.00","","-4.55%"
"03/31/2023","1,428.00","1,428.00","1,428.00","1,428.00","","-3.58%"
"03/30/2023","1,481.00","1,481.00","1,481.00","1,481.00","","-1.79%"
"03/29/2023","1,508.00","1,508.00","1,508.00","1,508.00","","-2.39%"
"03/28/2023","1,545.00","1,545.00","1,545.00","1,545.00","","-2.65%"
"03/27/2023","1,587.00","1,587.00","1,587.00","1,587.00","","-2.16%"
"03/24/2023","1,622.00","1,622.00","1,622.00","1,622.00","","-1.22%"
"03/23/2023","1,642.00","1,642.00","1,642.00","1,642.00","","-0.36%"
"03/22/2023","1,648.00","1,648.00","1,648.00","1,648.00","","0.37%"
"03/21/2023","1,642.00","1,642.00","1,642.00","1,642.00","","1.92%"
"03/20/2023","1,611.00","1,611.00","1,611.00","1,611.00","","2.03%"
"03/17/2023","1,579.00","1,579.00","1,579.00","1,579.00","","2.47%"
"03/16/2023","1,541.00","1,541.00","1,541.00","1,541.00","","1.65%"
"03/15/2023","1,516.00","1,516.00","1,516.00","1,516.00","","2.43%"
"03/14/2023","1,480.00","1,480.00","1,480.00","1,480.00","","0.14%"
"03/13/2023","1,478.00","1,478.00","1,478.00","1,478.00","","-0.61%"
"03/10/2023","1,487.00","1,487.00","1,487.00","1,487.00","","-1.59%"
"03/09/2023","1,511.00","1,511.00","1,511.00","1,511.00","","1.07%"
"03/08/2023","1,495.00","1,495.00","1,495.00","1,495.00","","0.54%"
"03/07/2023","1,487.00","1,487.00","1,487.00","1,487.00","","0.13%"
"03/06/2023","1,485.00","1,485.00","1,485.00","1,485.00","","0.13%"
"03/03/2023","1,483.00","1,483.00","1,483.00","1,483.00","","0.75%"
"03/02/2023","1,472.00","1,472.00","1,472.00","1,472.00","","1.17%"
"03/01/2023","1,455.00","1,455.00","1,455.00","1,455.00","","2.90%"
"02/28/2023","1,414.00","1,414.00","1,414.00","1,414.00","","3.74%"
"02/27/2023","1,363.00","1,363.00","1,363.00","1,363.00","","1.87%"
"02/24/2023","1,338.00","1,338.00","1,338.00","1,338.00","","1.06%"
"02/23/2023","1,324.00","1,324.00","1,324.00","1,324.00","","1.53%"
"02/22/2023","1,304.00","1,304.00","1,304.00","1,304.00","","-0.15%"
"02/21/2023","1,306.00","1,306.00","1,306.00","1,306.00","","2.19%"
"02/20/2023","1,278.00","1,278.00","1,278.00","1,278.00","","1.35%"
"02/17/2023","1,261.00","1,261.00","1,261.00","1,261.00","","1.37%"
"02/16/2023","1,244.00","1,244.00","1,244.00","1,244.00","","2.64%"
"02/15/2023","1,212.00","1,212.00","1,212.00","1,212.00","","0.75%"
"02/14/2023","1,203.00","1,203.00","1,203.00","1,203.00","","-0.08%"
"02/13/2023","1,204.00","1,204.00","1,204.00","1,204.00","","-0.17%"
"02/10/2023","1,206.00","1,206.00","1,206.00","1,206.00","","0.08%"
"02/09/2023","1,205.00","1,205.00","1,205.00","1,205.00","","-0.66%"
"02/08/2023","1,213.00","1,213.00","1,213.00","1,213.00","","-0.41%"
"02/07/2023","1,218.00","1,218.00","1,218.00","1,218.00","","-0.49%"
"02/06/2023","1,224.00","1,224.00","1,224.00","1,224.00","","-1.21%"
"02/03/2023","1,239.00","1,239.00","1,239.00","1,239.00","","-1.35%"
"02/02/2023","1,256.00","1,256.00","1,256.00","1,256.00","","-0.32%"
"02/01/2023","1,260.00","1,260.00","1,260.00","1,260.00","","-1.18%"
"01/31/2023","1,275.00","1,275.00","1,275.00","1,275.00","","-2.07%"
"01/30/2023","1,302.00","1,302.00","1,302.00","1,302.00","","-1.59%"
"01/27/2023","1,323.00","1,323.00","1,323.00","1,323.00","","-0.97%"
"01/26/2023","1,336.00","1,336.00","1,336.00","1,336.00","","-1.26%"
"01/25/2023","1,353.00","1,353.00","1,353.00","1,353.00","","-2.24%"
"01/24/2023","1,384.00","1,384.00","1,384.00","1,384.00","","-1.91%"
"01/23/2023","1,411.00","1,411.00","1,411.00","1,411.00","","-0.28%"
"01/20/2023","1,415.00","1,415.00","1,415.00","1,415.00","","0.21%"
"01/19/2023","1,412.00","1,412.00","1,412.00","1,412.00","","-0.63%"
"01/18/2023","1,421.00","1,421.00","1,421.00","1,421.00","","-0.42%"
"01/17/2023","1,427.00","1,427.00","1,427.00","1,427.00","","-1.25%"
"01/16/2023","1,445.00","1,445.00","1,445.00","1,445.00","","0.00%"
"01/13/2023","1,445.00","1,445.00","1,445.00","1,445.00","","0.28%"
"01/12/2023","1,441.00","1,441.00","1,441.00","1,441.00","","0.98%"
"01/11/2023","1,427.00","1,427.00","1,427.00","1,427.00","","0.28%"
"01/10/2023","1,423.00","1,423.00","1,423.00","1,423.00","","2.23%"
"01/09/2023","1,392.00","1,392.00","1,392.00","1,392.00","","0.07%"
"01/06/2023","1,391.00","1,391.00","1,391.00","1,391.00","","-0.36%"
"01/05/2023","1,396.00","1,396.00","1,396.00","1,396.00","","-2.38%"
"01/04/2023","1,430.00","1,430.00","1,430.00","1,430.00","","-2.39%"
"01/03/2023","1,465.00","1,465.00","1,465.00","1,465.00","","-21.78%"
"12/23/2022","1,873.00","1,873.00","1,873.00","1,873.00","","-0.74%"
"12/22/2022","1,887.00","1,887.00","1,887.00","1,887.00","","-1.77%"
"12/21/2022","1,921.00","1,921.00","1,921.00","1,921.00","","-1.54%"
"12/20/2022","1,951.00","1,951.00","1,951.00","1,951.00","","-4.50%"
"12/19/2022","2,043.00","2,043.00","2,043.00","2,043.00","","-1.68%"
"12/16/2022","2,078.00","2,078.00","2,078.00","2,078.00","","-0.67%"
"12/15/2022","2,092.00","2,092.00","2,092.00","2,092.00","","0.63%"
"12/14/2022","2,079.00","2,079.00","2,079.00","2,079.00","","-0.34%"
"12/13/2022","2,086.00","2,086.00","2,086.00","2,086.00","","-0.95%"
"12/12/2022","2,106.00","2,106.00","2,106.00","2,106.00","","-0.19%"
"12/09/2022","2,110.00","2,110.00","2,110.00","2,110.00","","1.01%"
"12/08/2022","2,089.00","0.00","0.00","0.00","","-0.29%"
"12/07/2022","2,095.00","2,095.00","2,095.00","2,095.00","","-0.80%"
"12/06/2022","2,112.00","2,112.00","2,112.00","2,112.00","","-3.83%"
"12/05/2022","2,196.00","2,196.00","2,196.00","2,196.00","","-1.08%"
"12/02/2022","2,220.00","2,220.00","2,220.00","2,220.00","","-1.77%"
"12/01/2022","2,260.00","2,260.00","2,260.00","2,260.00","","-3.95%"
"11/30/2022","2,353.00","2,353.00","2,353.00","2,353.00","","-3.29%"
"11/29/2022","2,433.00","2,433.00","2,433.00","2,433.00","","-1.42%"
"11/28/2022","2,468.00","2,468.00","2,468.00","2,468.00","","-1.04%"
"11/25/2022","2,494.00","2,494.00","2,494.00","2,494.00","","0.28%"
"11/24/2022","2,487.00","2,487.00","2,487.00","2,487.00","","-0.32%"
"11/23/2022","2,495.00","2,495.00","2,495.00","2,495.00","","-0.04%"
"11/22/2022","2,496.00","2,496.00","2,496.00","2,496.00","","1.50%"
"11/21/2022","2,459.00","2,459.00","2,459.00","2,459.00","","3.97%"
"11/18/2022","2,365.00","2,365.00","2,365.00","2,365.00","","7.65%"
"11/17/2022","2,197.00","2,197.00","2,197.00","2,197.00","","8.07%"
"11/16/2022","2,033.00","2,033.00","2,033.00","2,033.00","","3.67%"
"11/15/2022","1,961.00","1,961.00","1,961.00","1,961.00","","2.89%"
"11/14/2022","1,906.00","1,906.00","1,906.00","1,906.00","","0.63%"
"11/11/2022","1,894.00","1,894.00","1,894.00","1,894.00","","0.48%"
"11/10/2022","1,885.00","1,885.00","1,885.00","1,885.00","","0.59%"
"11/09/2022","1,874.00","1,874.00","1,874.00","1,874.00","","0.92%"
"11/08/2022","1,857.00","1,857.00","1,857.00","1,857.00","","0.81%"
"11/07/2022","1,842.00","1,842.00","1,842.00","1,842.00","","0.33%"
"11/04/2022","1,836.00","1,836.00","1,836.00","1,836.00","","0.44%"
"11/03/2022","1,828.00","1,828.00","1,828.00","1,828.00","","0.49%"
"11/02/2022","1,819.00","1,819.00","1,819.00","1,819.00","","0.44%"
"11/01/2022","1,811.00","1,811.00","1,811.00","1,811.00","","-0.88%"
"10/31/2022","1,827.00","1,827.00","1,827.00","1,827.00","","0.22%"
"10/28/2022","1,823.00","1,823.00","1,823.00","1,823.00","","0.39%"
"10/27/2022","1,816.00","1,816.00","1,816.00","1,816.00","","0.67%"
"10/26/2022","1,804.00","1,804.00","1,804.00","1,804.00","","0.61%"
"10/25/2022","1,793.00","1,793.00","1,793.00","1,793.00","","0.11%"
"10/24/2022","1,791.00","1,791.00","1,791.00","1,791.00","","3.11%"
"10/21/2022","1,737.00","1,737.00","1,737.00","1,737.00","","0.70%"
"10/20/2022","1,725.00","1,725.00","1,725.00","1,725.00","","0.88%"
"10/19/2022","1,710.00","1,710.00","1,710.00","1,710.00","","1.00%"
"10/18/2022","1,693.00","1,693.00","1,693.00","1,693.00","","4.44%"
"10/17/2022","1,621.00","1,621.00","1,621.00","1,621.00","","4.31%"
"10/14/2022","1,554.00","1,554.00","1,554.00","1,554.00","","2.64%"
"10/13/2022","1,514.00","1,514.00","1,514.00","1,514.00","","2.23%"
"10/12/2022","1,481.00","1,481.00","1,481.00","1,481.00","","1.09%"
"10/11/2022","1,465.00","1,465.00","1,465.00","1,465.00","","0.41%"
"10/10/2022","1,459.00","1,459.00","1,459.00","1,459.00","","-0.14%"
"10/07/2022","1,461.00","1,461.00","1,461.00","1,461.00","","0.00%"
"10/06/2022","1,461.00","1,461.00","1,461.00","1,461.00","","0.27%"
"10/05/2022","1,457.00","1,457.00","1,457.00","1,457.00","","-0.34%"
"10/04/2022","1,462.00","1,462.00","1,462.00","1,462.00","","-0.95%"
"10/03/2022","1,476.00","1,476.00","1,476.00","1,476.00","","-0.07%"
"09/30/2022","1,477.00","1,477.00","1,477.00","1,477.00","","-0.47%"
"09/29/2022","1,484.00","1,484.00","1,484.00","1,484.00","","-0.87%"
"09/28/2022","1,497.00","1,497.00","1,497.00","1,497.00","","-0.60%"
"09/27/2022","1,506.00","1,506.00","1,506.00","1,506.00","","-0.07%"
"09/26/2022","1,507.00","1,507.00","1,507.00","1,507.00","","0.60%"
"09/23/2022","1,498.00","1,498.00","1,498.00","1,498.00","","0.07%"
"09/22/2022","1,497.00","1,497.00","1,497.00","1,497.00","","-0.27%"
"09/21/2022","1,501.00","1,501.00","1,501.00","1,501.00","","-0.46%"
"09/20/2022","1,508.00","1,508.00","1,508.00","1,508.00","","1.07%"
"09/16/2022","1,492.00","1,492.00","1,492.00","1,492.00","","1.91%"
"09/15/2022","1,464.00","1,464.00","1,464.00","1,464.00","","0.21%"
"09/14/2022","1,461.00","1,461.00","1,461.00","1,461.00","","0.41%"
"09/13/2022","1,455.00","1,455.00","1,455.00","1,455.00","","1.11%"
"09/12/2022","1,439.00","1,439.00","1,439.00","1,439.00","","0.49%"
"09/09/2022","1,432.00","1,432.00","1,432.00","1,432.00","","1.13%"
"09/08/2022","1,416.00","1,416.00","1,416.00","1,416.00","","-0.28%"
"09/07/2022","1,420.00","1,420.00","1,420.00","1,420.00","","-1.32%"
"09/06/2022","1,439.00","1,439.00","1,439.00","1,439.00","","-2.18%"
"09/05/2022","1,471.00","1,471.00","1,471.00","1,471.00","","-1.21%"
"09/02/2022","1,489.00","1,489.00","1,489.00","1,489.00","","-1.00%"
"09/01/2022","1,504.00","1,504.00","1,504.00","1,504.00","","-0.53%"
"08/31/2022","1,512.00","1,512.00","1,512.00","1,512.00","","-0.92%"
"08/30/2022","1,526.00","1,526.00","1,526.00","1,526.00","","-1.80%"
"08/26/2022","1,554.00","1,554.00","1,554.00","1,554.00","","0.26%"
"08/25/2022","1,550.00","1,550.00","1,550.00","1,550.00","","0.52%"
"08/24/2022","1,542.00","1,542.00","1,542.00","1,542.00","","-0.45%"
"08/23/2022","1,549.00","1,549.00","1,549.00","1,549.00","","0.06%"
"08/22/2022","1,548.00","1,548.00","1,548.00","1,548.00","","-0.39%"
"08/19/2022","1,554.00","0.00","0.00","0.00","","0.06%"
"08/18/2022","1,553.00","1,553.00","1,553.00","1,553.00","","0.39%"
"08/17/2022","1,547.00","1,547.00","1,547.00","1,547.00","","2.11%"
"08/16/2022","1,515.00","1,515.00","1,515.00","1,515.00","","1.81%"
"08/15/2022","1,488.00","1,488.00","1,488.00","1,488.00","","0.88%"
"08/12/2022","1,475.00","1,475.00","1,475.00","1,475.00","","0.41%"
"08/11/2022","1,469.00","1,469.00","1,469.00","1,469.00","","0.41%"
"08/10/2022","1,463.00","1,463.00","1,463.00","1,463.00","","0.55%"
"08/09/2022","1,455.00","1,455.00","1,455.00","1,455.00","","0.28%"
"08/08/2022","1,451.00","1,451.00","1,451.00","1,451.00","","0.21%"
"08/05/2022","1,448.00","1,448.00","1,448.00","1,448.00","","0.77%"
"08/04/2022","1,437.00","1,437.00","1,437.00","1,437.00","","-1.17%"
"08/03/2022","1,454.00","1,454.00","1,454.00","1,454.00","","-1.36%"
"08/02/2022","1,474.00","1,474.00","1,474.00","1,474.00","","0.14%"
"08/01/2022","1,472.00","1,472.00","1,472.00","1,472.00","","0.41%"
"07/29/2022","1,466.00","1,466.00","1,466.00","1,466.00","","1.66%"
"07/28/2022","1,442.00","1,442.00","1,442.00","1,442.00","","-0.28%"
"07/27/2022","1,446.00","1,446.00","1,446.00","1,446.00","","-1.50%"
"07/26/2022","1,468.00","1,468.00","1,468.00","1,468.00","","-1.01%"
"07/25/2022","1,483.00","1,483.00","1,483.00","1,483.00","","-0.13%"
"07/22/2022","1,485.00","1,485.00","1,485.00","1,485.00","","0.27%"
"07/21/2022","1,481.00","1,481.00","1,481.00","1,481.00","","0.95%"
"07/20/2022","1,467.00","1,467.00","1,467.00","1,467.00","","1.31%"
"07/19/2022","1,448.00","1,448.00","1,448.00","1,448.00","","2.48%"
"07/18/2022","1,413.00","1,413.00","1,413.00","1,413.00","","3.21%"
"07/15/2022","1,369.00","1,369.00","1,369.00","1,369.00","","0.00%"
"07/14/2022","1,369.00","1,369.00","1,369.00","1,369.00","","-0.65%"
"07/13/2022","1,378.00","1,378.00","1,378.00","1,378.00","","0.36%"
"07/12/2022","1,373.00","1,373.00","1,373.00","1,373.00","","0.73%"
"07/11/2022","1,363.00","1,363.00","1,363.00","1,363.00","","2.25%"
"07/08/2022","1,333.00","1,333.00","1,333.00","1,333.00","","3.65%"
"07/07/2022","1,286.00","1,286.00","1,286.00","1,286.00","","2.06%"
"07/06/2022","1,260.00","1,260.00","1,260.00","1,260.00","","2.77%"
"07/05/2022","1,226.00","1,226.00","1,226.00","1,226.00","","0.33%"
"07/04/2022","1,222.00","1,222.00","1,222.00","1,222.00","","-0.16%"
"07/01/2022","1,224.00","1,224.00","1,224.00","1,224.00","","-0.81%"
"06/30/2022","1,234.00","1,234.00","1,234.00","1,234.00","","0.73%"
"06/29/2022","1,225.00","1,225.00","1,225.00","1,225.00","","1.07%"
"06/28/2022","1,212.00","1,212.00","1,212.00","1,212.00","","-0.25%"
"06/27/2022","1,215.00","1,215.00","1,215.00","1,215.00","","-0.33%"
"06/24/2022","1,219.00","1,219.00","1,219.00","1,219.00","","-0.25%"
"06/23/2022","1,222.00","1,222.00","1,222.00","1,222.00","","0.66%"
"06/22/2022","1,214.00","1,214.00","1,214.00","1,214.00","","0.58%"
"06/21/2022","1,207.00","1,207.00","1,207.00","1,207.00","","0.25%"
"06/20/2022","1,204.00","1,204.00","1,204.00","1,204.00","","-0.08%"
"06/17/2022","1,205.00","1,205.00","1,205.00","1,205.00","","0.50%"
"06/16/2022","1,199.00","1,199.00","1,199.00","1,199.00","","2.65%"
"06/15/2022","1,168.00","1,168.00","1,168.00","1,168.00","","1.83%"
"06/14/2022","1,147.00","1,147.00","1,147.00","1,147.00","","1.33%"
"06/13/2022","1,132.00","1,132.00","1,132.00","1,132.00","","0.53%"
"06/10/2022","1,126.00","1,126.00","1,126.00","1,126.00","","3.02%"
"06/09/2022","1,093.00","1,093.00","1,093.00","1,093.00","","0.28%"
"06/08/2022","1,090.00","1,090.00","1,090.00","1,090.00","","0.09%"
"06/07/2022","1,089.00","1,089.00","1,089.00","1,089.00","","0.09%"
"06/06/2022","1,088.00","1,088.00","1,088.00","1,088.00","","-1.45%"
"06/01/2022","1,104.00","1,104.00","1,104.00","1,104.00","","-1.34%"
"05/31/2022","1,119.00","1,119.00","1,119.00","1,119.00","","-0.18%"
"05/30/2022","1,121.00","1,121.00","1,121.00","1,121.00","","-0.62%"
"05/27/2022","1,128.00","1,128.00","1,128.00","1,128.00","","0.18%"
"05/26/2022","1,126.00","1,126.00","1,126.00","1,126.00","","0.36%"
"05/25/2022","1,122.00","1,122.00","1,122.00","1,122.00","","0.27%"
"05/24/2022","1,119.00","1,119.00","1,119.00","1,119.00","","0.45%"
"05/23/2022","1,114.00","1,114.00","1,114.00","1,114.00","","0.27%"
"05/20/2022","1,111.00","1,111.00","1,111.00","1,111.00","","0.91%"
"05/19/2022","1,101.00","1,101.00","1,101.00","1,101.00","","1.66%"
"05/18/2022","1,083.00","1,083.00","1,083.00","1,083.00","","-2.43%"
"05/17/2022","1,110.00","1,110.00","1,110.00","1,110.00","","-1.33%"
"05/16/2022","1,125.00","1,125.00","1,125.00","1,125.00","","-0.71%"
"05/13/2022","1,133.00","1,133.00","1,133.00","1,133.00","","-0.61%"
"05/12/2022","1,140.00","1,140.00","1,140.00","1,140.00","","-1.30%"
"05/11/2022","1,155.00","1,155.00","1,155.00","1,155.00","","-1.03%"
"05/10/2022","1,167.00","1,167.00","1,167.00","1,167.00","","0.60%"
"05/09/2022","1,160.00","1,160.00","1,160.00","1,160.00","","-0.17%"
"05/06/2022","1,162.00","1,162.00","1,162.00","1,162.00","","-1.69%"
"05/05/2022","1,182.00","1,182.00","1,182.00","1,182.00","","-3.59%"
"05/04/2022","1,226.00","1,226.00","1,226.00","1,226.00","","-0.57%"
"05/03/2022","1,233.00","1,233.00","1,233.00","1,233.00","","-1.60%"
"04/29/2022","1,253.00","1,253.00","1,253.00","1,253.00","","0.64%"
"04/28/2022","1,245.00","1,245.00","1,245.00","1,245.00","","0.89%"
"04/27/2022","1,234.00","1,234.00","1,234.00","1,234.00","","-4.78%"
"04/26/2022","1,296.00","1,296.00","1,296.00","1,296.00","","-6.22%"
"04/25/2022","1,382.00","1,382.00","1,382.00","1,382.00","","-5.67%"
"04/22/2022","1,465.00","1,465.00","1,465.00","1,465.00","","-3.49%"
"04/21/2022","1,518.00","1,518.00","1,518.00","1,518.00","","-4.47%"
"04/20/2022","1,589.00","1,589.00","1,589.00","1,589.00","","-5.42%"
"04/19/2022","1,680.00","1,680.00","1,680.00","1,680.00","","-1.98%"
"04/14/2022","1,714.00","1,714.00","1,714.00","1,714.00","","-0.81%"
"04/13/2022","1,728.00","1,728.00","1,728.00","1,728.00","","-0.92%"
"04/12/2022","1,744.00","1,744.00","1,744.00","1,744.00","","0.81%"
"04/11/2022","1,730.00","1,730.00","1,730.00","1,730.00","","3.16%"
"04/08/2022","1,677.00","1,677.00","1,677.00","1,677.00","","1.45%"
"04/07/2022","1,653.00","1,653.00","1,653.00","1,653.00","","6.85%"
"04/06/2022","1,547.00","1,547.00","1,547.00","1,547.00","","5.31%"
"04/05/2022","1,469.00","1,469.00","1,469.00","1,469.00","","7.30%"
"04/04/2022","1,369.00","1,369.00","1,369.00","1,369.00","","3.63%"
"04/01/2022","1,321.00","1,321.00","1,321.00","1,321.00","","3.28%"
"03/31/2022","1,279.00","1,279.00","1,279.00","1,279.00","","4.58%"
"03/30/2022","1,223.00","1,223.00","1,223.00","1,223.00","","5.16%"
"03/29/2022","1,163.00","1,163.00","1,163.00","1,163.00","","1.93%"
"03/28/2022","1,141.00","1,141.00","1,141.00","1,141.00","","2.61%"
"03/25/2022","1,112.00","1,112.00","1,112.00","1,112.00","","1.74%"
"03/24/2022","1,093.00","1,093.00","1,093.00","1,093.00","","0.00%"
"03/23/2022","1,093.00","1,093.00","1,093.00","1,093.00","","0.09%"
"03/22/2022","1,092.00","1,092.00","1,092.00","1,092.00","","-1.18%"
"03/21/2022","1,105.00","1,105.00","1,105.00","1,105.00","","-1.95%"
"03/18/2022","1,127.00","1,127.00","1,127.00","1,127.00","","-8.00%"
"03/17/2022","1,225.00","1,225.00","1,225.00","1,225.00","","-3.39%"
"03/16/2022","1,268.00","1,268.00","1,268.00","1,268.00","","-0.86%"
"03/15/2022","1,279.00","1,279.00","1,279.00","1,279.00","","-1.39%"
"03/14/2022","1,297.00","1,297.00","1,297.00","1,297.00","","-1.14%"
"03/11/2022","1,312.00","1,312.00","1,312.00","1,312.00","","-1.58%"
"03/10/2022","1,333.00","1,333.00","1,333.00","1,333.00","","-1.19%"
"03/09/2022","1,349.00","1,349.00","1,349.00","1,349.00","","-5.27%"
"03/08/2022","1,424.00","1,424.00","1,424.00","1,424.00","","-6.13%"
"03/07/2022","1,517.00","1,517.00","1,517.00","1,517.00","","2.92%"
"03/04/2022","1,474.00","1,474.00","1,474.00","1,474.00","","-1.54%"
"03/03/2022","1,497.00","1,497.00","1,497.00","1,497.00","","2.11%"
"03/02/2022","1,466.00","1,466.00","1,466.00","1,466.00","","1.17%"
"03/01/2022","1,449.00","1,449.00","1,449.00","1,449.00","","7.89%"
"02/28/2022","1,343.00","1,343.00","1,343.00","1,343.00","","17.09%"
"02/25/2022","1,147.00","1,147.00","1,147.00","1,147.00","","26.88%"
"02/24/2022","904.00","904.00","904.00","904.00","","24.69%"
"02/23/2022","725.00","725.00","725.00","725.00","","1.40%"
"02/22/2022","715.00","715.00","715.00","715.00","","1.27%"
"02/21/2022","706.00","706.00","706.00","706.00","","1.00%"
"02/18/2022","699.00","699.00","699.00","699.00","","0.72%"
"02/17/2022","694.00","694.00","694.00","694.00","","0.29%"
"02/16/2022","692.00","692.00","692.00","692.00","","0.14%"
"02/15/2022","691.00","691.00","691.00","691.00","","0.14%"
"02/14/2022","690.00","690.00","690.00","690.00","","0.44%"
"02/11/2022","687.00","687.00","687.00","687.00","","0.88%"
"02/10/2022","681.00","681.00","681.00","681.00","","-0.15%"
"02/09/2022","682.00","682.00","682.00","682.00","","0.15%"
"02/08/2022","681.00","681.00","681.00","681.00","","-0.15%"
"02/07/2022","682.00","682.00","682.00","682.00","","0.44%"
"02/04/2022","679.00","679.00","679.00","679.00","","0.00%"
"02/03/2022","679.00","679.00","679.00","679.00","","-0.44%"
"02/02/2022","682.00","682.00","682.00","682.00","","-0.44%"
"02/01/2022","685.00","685.00","685.00","685.00","","-0.58%"
"01/31/2022","689.00","689.00","689.00","689.00","","0.29%"
"01/28/2022","687.00","687.00","687.00","687.00","","0.29%"
"01/27/2022","685.00","685.00","685.00","685.00","","0.44%"
"01/26/2022","682.00","682.00","682.00","682.00","","-1.30%"
"01/25/2022","691.00","691.00","691.00","691.00","","-0.14%"
"01/24/2022","692.00","692.00","692.00","692.00","","0.00%"
"01/21/2022","692.00","692.00","692.00","692.00","","0.14%"
"01/20/2022","691.00","691.00","691.00","691.00","","-0.14%"
"01/19/2022","692.00","692.00","692.00","692.00","","-0.29%"
"01/18/2022","694.00","694.00","694.00","694.00","","-0.43%"
"01/17/2022","697.00","697.00","697.00","697.00","","-0.14%"
"01/14/2022","698.00","698.00","698.00","698.00","","0.00%"
"01/13/2022","698.00","698.00","698.00","698.00","","0.58%"
"01/12/2022","694.00","694.00","694.00","694.00","","-0.57%"
"01/11/2022","698.00","698.00","698.00","698.00","","-0.85%"
"01/10/2022","704.00","704.00","704.00","704.00","","-0.14%"
"01/07/2022","705.00","705.00","705.00","705.00","","-0.84%"
"01/06/2022","711.00","711.00","711.00","711.00","","0.00%"
"01/05/2022","711.00","711.00","711.00","711.00","","-1.52%"
"01/04/2022","722.00","722.00","722.00","722.00","","-8.14%"
"12/24/2021","786.00","786.00","786.00","786.00","","-0.25%"
"12/23/2021","788.00","788.00","788.00","788.00","","0.00%"
"12/22/2021","788.00","788.00","788.00","788.00","","-1.62%"
"12/21/2021","801.00","801.00","801.00","801.00","","-0.37%"
"12/20/2021","804.00","804.00","804.00","804.00","","0.12%"
"12/17/2021","803.00","803.00","803.00","803.00","","0.25%"
"12/16/2021","801.00","801.00","801.00","801.00","","-0.25%"
"12/15/2021","803.00","803.00","803.00","803.00","","1.01%"
"12/14/2021","795.00","795.00","795.00","795.00","","0.89%"
"12/13/2021","788.00","788.00","788.00","788.00","","0.38%"
"12/10/2021","785.00","785.00","785.00","785.00","","1.03%"
"12/09/2021","777.00","777.00","777.00","777.00","","0.78%"
"12/08/2021","771.00","771.00","771.00","771.00","","0.92%"
"12/07/2021","764.00","764.00","764.00","764.00","","1.33%"
"12/06/2021","754.00","754.00","754.00","754.00","","2.31%"
"12/03/2021","737.00","737.00","737.00","737.00","","1.38%"
"12/02/2021","727.00","727.00","727.00","727.00","","0.97%"
"12/01/2021","720.00","720.00","720.00","720.00","","-0.14%"
"11/30/2021","721.00","721.00","721.00","721.00","","-1.37%"
"11/29/2021","731.00","731.00","731.00","731.00","","-0.95%"
"11/26/2021","738.00","738.00","738.00","738.00","","-0.94%"
"11/25/2021","745.00","745.00","745.00","745.00","","0.13%"
"11/24/2021","744.00","744.00","744.00","744.00","","-1.20%"
"11/23/2021","753.00","753.00","753.00","753.00","","-1.31%"
"11/22/2021","763.00","763.00","763.00","763.00","","-2.18%"
"11/19/2021","780.00","780.00","780.00","780.00","","-1.02%"
"11/18/2021","788.00","788.00","788.00","788.00","","-0.88%"
"11/17/2021","795.00","795.00","795.00","795.00","","-0.87%"
"11/16/2021","802.00","802.00","802.00","802.00","","-1.23%"
"11/15/2021","812.00","812.00","812.00","812.00","","-1.10%"
"11/12/2021","821.00","821.00","821.00","821.00","","-1.68%"
"11/11/2021","835.00","835.00","835.00","835.00","","0.24%"
"11/10/2021","833.00","833.00","833.00","833.00","","-0.24%"
"11/09/2021","835.00","835.00","835.00","835.00","","0.85%"
"11/08/2021","828.00","828.00","828.00","828.00","","1.35%"
"11/05/2021","817.00","817.00","817.00","817.00","","2.38%"
"11/04/2021","798.00","798.00","798.00","798.00","","0.50%"
"11/03/2021","794.00","794.00","794.00","794.00","","0.13%"
"11/02/2021","793.00","793.00","793.00","793.00","","-0.13%"
"11/01/2021","794.00","794.00","794.00","794.00","","-0.38%"
"10/29/2021","797.00","797.00","797.00","797.00","","-0.38%"
"10/28/2021","800.00","800.00","800.00","800.00","","0.50%"
"10/27/2021","796.00","796.00","796.00","796.00","","0.38%"
"10/26/2021","793.00","793.00","793.00","793.00","","1.15%"
"10/25/2021","784.00","784.00","784.00","784.00","","2.08%"
"10/22/2021","768.00","768.00","768.00","768.00","","1.72%"
"10/21/2021","755.00","755.00","755.00","755.00","","1.62%"
"10/20/2021","743.00","743.00","743.00","743.00","","0.81%"
"10/19/2021","737.00","737.00","737.00","737.00","","1.38%"
"10/18/2021","727.00","727.00","727.00","727.00","","0.14%"
"10/15/2021","726.00","726.00","726.00","726.00","","0.97%"
"10/14/2021","719.00","719.00","719.00","719.00","","1.27%"
"10/13/2021","710.00","710.00","710.00","710.00","","1.28%"
"10/12/2021","701.00","701.00","701.00","701.00","","1.30%"
"10/11/2021","692.00","692.00","692.00","692.00","","1.76%"
"10/08/2021","680.00","680.00","680.00","680.00","","1.80%"
"10/07/2021","668.00","668.00","668.00","668.00","","0.91%"
"10/06/2021","662.00","662.00","662.00","662.00","","2.00%"
"10/05/2021","649.00","649.00","649.00","649.00","","2.20%"
"10/04/2021","635.00","635.00","635.00","635.00","","0.79%"
"10/01/2021","630.00","630.00","630.00","630.00","","0.64%"
"09/30/2021","626.00","626.00","626.00","626.00","","0.48%"
"09/29/2021","623.00","623.00","623.00","623.00","","0.81%"
"09/28/2021","618.00","618.00","618.00","618.00","","0.32%"
"09/27/2021","616.00","616.00","616.00","616.00","","0.33%"
"09/24/2021","614.00","614.00","614.00","614.00","","0.00%"
"09/23/2021","614.00","614.00","614.00","614.00","","0.66%"
"09/22/2021","610.00","610.00","610.00","610.00","","0.49%"
"09/21/2021","607.00","607.00","607.00","607.00","","-0.16%"
"09/20/2021","608.00","608.00","608.00","608.00","","0.00%"
"09/17/2021","608.00","608.00","608.00","608.00","","-1.30%"
"09/16/2021","616.00","616.00","616.00","616.00","","-0.32%"
"09/15/2021","618.00","618.00","618.00","618.00","","0.65%"
"09/14/2021","614.00","614.00","614.00","614.00","","0.33%"
"09/13/2021","612.00","612.00","612.00","612.00","","0.16%"
"09/10/2021","611.00","611.00","611.00","611.00","","0.33%"
"09/09/2021","609.00","609.00","609.00","609.00","","0.83%"
"09/08/2021","604.00","604.00","604.00","604.00","","-0.98%"
"09/07/2021","610.00","610.00","610.00","610.00","","-0.81%"
"09/06/2021","615.00","615.00","615.00","615.00","","-0.16%"
"09/03/2021","616.00","616.00","616.00","616.00","","-0.16%"
"09/02/2021","617.00","617.00","617.00","617.00","","0.65%"
"09/01/2021","613.00","613.00","613.00","613.00","","0.49%"
"08/31/2021","610.00","610.00","610.00","610.00","","0.99%"
"08/27/2021","604.00","604.00","604.00","604.00","","0.00%"
"08/26/2021","604.00","604.00","604.00","604.00","","0.17%"
"08/25/2021","603.00","603.00","603.00","603.00","","-0.33%"
"08/24/2021","605.00","605.00","605.00","605.00","","-0.33%"
"08/23/2021","607.00","607.00","607.00","607.00","","-0.49%"
"08/20/2021","610.00","610.00","610.00","610.00","","0.33%"
"08/19/2021","608.00","608.00","608.00","608.00","","0.16%"
"08/18/2021","607.00","607.00","607.00","607.00","","-0.16%"
"08/17/2021","608.00","608.00","608.00","608.00","","-0.33%"
"08/16/2021","610.00","610.00","610.00","610.00","","-0.49%"
"08/13/2021","613.00","613.00","613.00","613.00","","0.66%"
"08/12/2021","609.00","609.00","609.00","609.00","","0.16%"
"08/11/2021","608.00","608.00","608.00","608.00","","0.00%"
"08/10/2021","608.00","608.00","608.00","608.00","","0.00%"
"08/09/2021","608.00","608.00","608.00","608.00","","-0.16%"
"08/06/2021","609.00","609.00","609.00","609.00","","0.33%"
"08/05/2021","607.00","607.00","607.00","607.00","","0.00%"
"08/04/2021","607.00","607.00","607.00","607.00","","0.50%"
"08/03/2021","604.00","604.00","604.00","604.00","","-0.17%"
"08/02/2021","605.00","605.00","605.00","605.00","","0.17%"
"07/30/2021","604.00","604.00","604.00","604.00","","0.00%"
"07/29/2021","604.00","604.00","604.00","604.00","","1.00%"
"07/28/2021","598.00","598.00","598.00","598.00","","0.67%"
"07/27/2021","594.00","594.00","594.00","594.00","","0.34%"
"07/26/2021","592.00","592.00","592.00","592.00","","-0.17%"
"07/23/2021","593.00","593.00","593.00","593.00","","0.00%"
"07/22/2021","593.00","593.00","593.00","593.00","","0.34%"
"07/21/2021","591.00","591.00","591.00","591.00","","0.17%"
"07/20/2021","590.00","590.00","590.00","590.00","","0.00%"
"07/19/2021","590.00","590.00","590.00","590.00","","0.17%"
"07/16/2021","589.00","589.00","589.00","589.00","","0.68%"
"07/15/2021","585.00","585.00","585.00","585.00","","0.86%"
"07/14/2021","580.00","580.00","580.00","580.00","","-0.34%"
"07/13/2021","582.00","582.00","582.00","582.00","","-0.17%"
"07/12/2021","583.00","583.00","583.00","583.00","","-0.51%"
"07/09/2021","586.00","586.00","586.00","586.00","","-0.34%"
"07/08/2021","588.00","588.00","588.00","588.00","","0.00%"
"07/07/2021","588.00","588.00","588.00","588.00","","-0.51%"
"07/06/2021","591.00","591.00","591.00","591.00","","0.85%"
"07/05/2021","586.00","586.00","586.00","586.00","","-0.68%"
"07/02/2021","590.00","590.00","590.00","590.00","","-0.34%"
"07/01/2021","592.00","592.00","592.00","592.00","","-1.00%"
"06/30/2021","598.00","598.00","598.00","598.00","","-1.16%"
"06/29/2021","605.00","605.00","605.00","605.00","","-1.47%"
"06/28/2021","614.00","614.00","614.00","614.00","","-1.60%"
"06/25/2021","624.00","624.00","624.00","624.00","","0.00%"
"06/24/2021","624.00","624.00","624.00","624.00","","0.48%"
"06/23/2021","621.00","621.00","621.00","621.00","","0.98%"
"06/22/2021","615.00","615.00","615.00","615.00","","1.82%"
"06/21/2021","604.00","604.00","604.00","604.00","","2.03%"
"06/18/2021","592.00","592.00","592.00","592.00","","0.68%"
"06/17/2021","588.00","588.00","588.00","588.00","","0.34%"
"06/16/2021","586.00","586.00","586.00","586.00","","0.51%"
"06/15/2021","583.00","583.00","583.00","583.00","","0.17%"
"06/14/2021","582.00","582.00","582.00","582.00","","0.17%"
"06/11/2021","581.00","581.00","581.00","581.00","","0.17%"
"06/10/2021","580.00","580.00","580.00","580.00","","-0.17%"
"06/09/2021","581.00","581.00","581.00","581.00","","0.35%"
"06/08/2021","579.00","579.00","579.00","579.00","","-0.69%"
"06/07/2021","583.00","583.00","583.00","583.00","","-0.34%"
"06/04/2021","585.00","585.00","585.00","585.00","","-0.68%"
"06/03/2021","589.00","589.00","589.00","589.00","","-1.01%"
"06/02/2021","595.00","595.00","595.00","595.00","","-0.50%"
"06/01/2021","598.00","598.00","598.00","598.00","","-0.99%"
"05/28/2021","604.00","604.00","604.00","604.00","","-0.17%"
"05/27/2021","605.00","605.00","605.00","605.00","","-0.82%"
"05/26/2021","610.00","610.00","610.00","610.00","","-0.65%"
"05/25/2021","614.00","614.00","614.00","614.00","","0.16%"
"05/24/2021","613.00","613.00","613.00","613.00","","-0.33%"
"05/21/2021","615.00","615.00","615.00","615.00","","0.82%"
"05/20/2021","610.00","610.00","610.00","610.00","","0.66%"
"05/19/2021","606.00","606.00","606.00","606.00","","-0.82%"
"05/18/2021","611.00","611.00","611.00","611.00","","0.16%"
"05/17/2021","610.00","610.00","610.00","610.00","","0.00%"
"05/14/2021","610.00","610.00","610.00","610.00","","0.00%"
"05/13/2021","610.00","610.00","610.00","610.00","","-0.49%"
"05/12/2021","613.00","613.00","613.00","613.00","","1.16%"
"05/11/2021","606.00","606.00","606.00","606.00","","0.17%"
"05/10/2021","605.00","605.00","605.00","605.00","","-0.33%"
"05/07/2021","607.00","607.00","607.00","607.00","","0.50%"
"05/06/2021","604.00","604.00","604.00","604.00","","0.00%"
"05/05/2021","604.00","604.00","604.00","604.00","","0.33%"
"05/04/2021","602.00","602.00","602.00","602.00","","-0.66%"
"04/30/2021","606.00","606.00","606.00","606.00","","0.17%"
"04/29/2021","605.00","605.00","605.00","605.00","","0.17%"
"04/28/2021","604.00","604.00","604.00","604.00","","0.17%"
"04/27/2021","603.00","603.00","603.00","603.00","","0.00%"
"04/26/2021","603.00","603.00","603.00","603.00","","-0.17%"
"04/23/2021","604.00","604.00","604.00","604.00","","-0.17%"
"04/22/2021","605.00","605.00","605.00","605.00","","0.33%"
"04/21/2021","603.00","603.00","603.00","603.00","","0.50%"
"04/20/2021","600.00","600.00","600.00","600.00","","-0.50%"
"04/19/2021","603.00","603.00","603.00","603.00","","-0.33%"
"04/16/2021","605.00","605.00","605.00","605.00","","-0.49%"
"04/15/2021","608.00","608.00","608.00","608.00","","-0.65%"
"04/14/2021","612.00","612.00","612.00","612.00","","-0.33%"
"04/13/2021","614.00","614.00","614.00","614.00","","-2.38%"
"04/12/2021","629.00","629.00","629.00","629.00","","-2.63%"
"04/09/2021","646.00","646.00","646.00","646.00","","-1.82%"
"04/08/2021","658.00","658.00","658.00","658.00","","-2.52%"
"04/07/2021","675.00","675.00","675.00","675.00","","-1.46%"
"04/06/2021","685.00","685.00","685.00","685.00","","-2.00%"
"04/01/2021","699.00","699.00","699.00","699.00","","-1.55%"
"03/31/2021","710.00","710.00","710.00","710.00","","-3.66%"
"03/30/2021","737.00","737.00","737.00","737.00","","-3.66%"
"03/29/2021","765.00","765.00","765.00","765.00","","0.00%"
"03/26/2021","765.00","765.00","765.00","765.00","","2.27%"
"03/25/2021","748.00","748.00","748.00","748.00","","0.67%"
"03/24/2021","743.00","743.00","743.00","743.00","","-0.54%"
"03/23/2021","747.00","747.00","747.00","747.00","","0.13%"
"03/22/2021","746.00","746.00","746.00","746.00","","-0.27%"
"03/19/2021","748.00","748.00","748.00","748.00","","-0.66%"
"03/18/2021","753.00","753.00","753.00","753.00","","0.94%"
"03/17/2021","746.00","746.00","746.00","746.00","","0.54%"
"03/16/2021","742.00","742.00","742.00","742.00","","2.06%"
"03/15/2021","727.00","727.00","727.00","727.00","","0.83%"
"03/12/2021","721.00","721.00","721.00","721.00","","0.14%"
"03/11/2021","720.00","720.00","720.00","720.00","","1.98%"
"03/10/2021","706.00","706.00","706.00","706.00","","1.44%"
"03/09/2021","696.00","696.00","696.00","696.00","","3.57%"
"03/08/2021","672.00","672.00","672.00","672.00","","0.90%"
"03/05/2021","666.00","666.00","666.00","666.00","","-0.30%"
"03/04/2021","668.00","668.00","668.00","668.00","","0.15%"
"03/03/2021","667.00","667.00","667.00","667.00","","-0.60%"
"03/02/2021","671.00","671.00","671.00","671.00","","0.45%"
"03/01/2021","668.00","668.00","668.00","668.00","","-0.15%"
"02/26/2021","669.00","669.00","669.00","669.00","","0.00%"
"02/25/2021","669.00","669.00","669.00","669.00","","0.15%"
"02/24/2021","668.00","668.00","668.00","668.00","","0.75%"
"02/23/2021","663.00","663.00","663.00","663.00","","1.84%"
"02/22/2021","651.00","651.00","651.00","651.00","","1.88%"
"02/19/2021","639.00","639.00","639.00","639.00","","1.91%"
"02/18/2021","627.00","627.00","627.00","627.00","","4.15%"
"02/17/2021","602.00","602.00","602.00","602.00","","2.21%"
"02/16/2021","589.00","589.00","589.00","589.00","","7.09%"
"02/15/2021","550.00","550.00","550.00","550.00","","2.04%"
"02/12/2021","539.00","539.00","539.00","539.00","","3.85%"
"02/11/2021","519.00","519.00","519.00","519.00","","1.76%"
"02/10/2021","510.00","510.00","510.00","510.00","","2.62%"
"02/09/2021","497.00","497.00","497.00","497.00","","0.40%"
"02/08/2021","495.00","495.00","495.00","495.00","","-0.20%"
"02/05/2021","496.00","496.00","496.00","496.00","","0.00%"
"02/04/2021","496.00","496.00","496.00","496.00","","-0.20%"
"02/03/2021","497.00","497.00","497.00","497.00","","-1.78%"
"02/02/2021","506.00","506.00","506.00","506.00","","-1.75%"
"02/01/2021","515.00","515.00","515.00","515.00","","-0.39%"
"01/29/2021","517.00","517.00","517.00","517.00","","-0.77%"
"01/28/2021","521.00","521.00","521.00","521.00","","0.00%"
"01/27/2021","521.00","521.00","521.00","521.00","","0.19%"
"01/26/2021","520.00","520.00","520.00","520.00","","0.19%"
"01/25/2021","519.00","519.00","519.00","519.00","","1.37%"
"01/22/2021","512.00","512.00","512.00","512.00","","1.39%"
"01/21/2021","505.00","505.00","505.00","505.00","","1.41%"
"01/20/2021","498.00","498.00","498.00","498.00","","0.40%"
"01/19/2021","496.00","496.00","496.00","496.00","","0.81%"
"01/18/2021","492.00","492.00","492.00","492.00","","-0.20%"
"01/15/2021","493.00","493.00","493.00","493.00","","-0.60%"
"01/14/2021","496.00","496.00","496.00","496.00","","-0.80%"
"01/13/2021","500.00","500.00","500.00","500.00","","-0.99%"
"01/12/2021","505.00","505.00","505.00","505.00","","-1.17%"
"01/11/2021","511.00","511.00","511.00","511.00","","-1.73%"
"01/08/2021","520.00","520.00","520.00","520.00","","-0.76%"
"01/07/2021","524.00","524.00","524.00","524.00","","-1.69%"
"01/06/2021","533.00","533.00","533.00","533.00","","-1.30%"
"01/05/2021","540.00","540.00","540.00","540.00","","-0.55%"
"01/04/2021","543.00","543.00","543.00","543.00","","16.52%"
"12/24/2020","466.00","466.00","466.00","466.00","","0.00%"
"12/23/2020","466.00","466.00","466.00","466.00","","-0.43%"
"12/22/2020","468.00","468.00","468.00","468.00","","1.52%"
"12/21/2020","461.00","461.00","461.00","461.00","","1.10%"
"12/18/2020","456.00","456.00","456.00","456.00","","0.66%"
"12/17/2020","453.00","453.00","453.00","453.00","","3.19%"
"12/16/2020","439.00","439.00","439.00","439.00","","0.92%"
"12/15/2020","435.00","435.00","435.00","435.00","","0.69%"
"12/14/2020","432.00","432.00","432.00","432.00","","0.23%"
"12/11/2020","431.00","431.00","431.00","431.00","","0.23%"
"12/10/2020","430.00","430.00","430.00","430.00","","-1.15%"
"12/09/2020","435.00","435.00","435.00","435.00","","-0.91%"
"12/08/2020","439.00","439.00","439.00","439.00","","-0.23%"
"12/07/2020","440.00","440.00","440.00","440.00","","0.00%"
"12/04/2020","440.00","440.00","440.00","440.00","","-1.12%"
"12/03/2020","445.00","445.00","445.00","445.00","","0.23%"
"12/02/2020","444.00","444.00","444.00","444.00","","-2.42%"
"12/01/2020","455.00","455.00","455.00","455.00","","-0.66%"
"11/30/2020","458.00","458.00","458.00","458.00","","0.66%"
"11/27/2020","455.00","455.00","455.00","455.00","","-0.44%"
"11/26/2020","457.00","457.00","457.00","457.00","","1.33%"
"11/25/2020","451.00","451.00","451.00","451.00","","0.89%"
"11/24/2020","447.00","447.00","447.00","447.00","","2.29%"
"11/23/2020","437.00","437.00","437.00","437.00","","-0.23%"
"11/20/2020","438.00","438.00","438.00","438.00","","0.23%"
"11/19/2020","437.00","437.00","437.00","437.00","","1.39%"
"11/18/2020","431.00","431.00","431.00","431.00","","-0.23%"
"11/17/2020","432.00","432.00","432.00","432.00","","0.47%"
"11/16/2020","430.00","430.00","430.00","430.00","","1.18%"
"11/13/2020","425.00","425.00","425.00","425.00","","2.91%"
"11/12/2020","413.00","413.00","413.00","413.00","","1.47%"
"11/11/2020","407.00","407.00","407.00","407.00","","0.49%"
"11/10/2020","405.00","405.00","405.00","405.00","","0.50%"
"11/09/2020","403.00","403.00","403.00","403.00","","0.00%"
"11/06/2020","403.00","403.00","403.00","403.00","","-0.49%"
"11/05/2020","405.00","405.00","405.00","405.00","","0.00%"
"11/04/2020","405.00","405.00","405.00","405.00","","0.00%"
"11/03/2020","405.00","405.00","405.00","405.00","","-0.25%"
"11/02/2020","406.00","406.00","406.00","406.00","","-1.22%"
"10/30/2020","411.00","411.00","411.00","411.00","","-1.20%"
"10/29/2020","416.00","416.00","416.00","416.00","","-1.42%"
"10/28/2020","422.00","422.00","422.00","422.00","","-0.94%"
"10/27/2020","426.00","426.00","426.00","426.00","","0.24%"
"10/26/2020","425.00","425.00","425.00","425.00","","1.92%"
"10/23/2020","417.00","417.00","417.00","417.00","","-0.95%"
"10/22/2020","421.00","421.00","421.00","421.00","","-0.71%"
"10/21/2020","424.00","424.00","424.00","424.00","","0.24%"
"10/20/2020","423.00","423.00","423.00","423.00","","0.71%"
"10/19/2020","420.00","420.00","420.00","420.00","","0.72%"
"10/16/2020","417.00","417.00","417.00","417.00","","0.72%"
"10/15/2020","414.00","414.00","414.00","414.00","","0.49%"
"10/14/2020","412.00","412.00","412.00","412.00","","0.49%"
"10/13/2020","410.00","410.00","410.00","410.00","","0.00%"
"10/12/2020","410.00","410.00","410.00","410.00","","-0.49%"
"10/09/2020","412.00","412.00","412.00","412.00","","-1.20%"
"10/08/2020","417.00","417.00","417.00","417.00","","-0.48%"
"10/07/2020","419.00","419.00","419.00","419.00","","-1.18%"
"10/06/2020","424.00","424.00","424.00","424.00","","-0.93%"
"10/05/2020","428.00","428.00","428.00","428.00","","-0.23%"
"10/02/2020","429.00","429.00","429.00","429.00","","-0.69%"
"10/01/2020","432.00","432.00","432.00","432.00","","-0.69%"
"09/30/2020","435.00","435.00","435.00","435.00","","0.00%"
"09/29/2020","435.00","435.00","435.00","435.00","","-0.23%"
"09/28/2020","436.00","436.00","436.00","436.00","","0.46%"
"09/25/2020","434.00","434.00","434.00","434.00","","0.00%"
"09/24/2020","434.00","434.00","434.00","434.00","","0.70%"
"09/23/2020","431.00","431.00","431.00","431.00","","-0.46%"
"09/22/2020","433.00","433.00","433.00","433.00","","-1.37%"
"09/21/2020","439.00","439.00","439.00","439.00","","-0.45%"
"09/18/2020","441.00","441.00","441.00","441.00","","-0.45%"
"09/17/2020","443.00","443.00","443.00","443.00","","-1.12%"
"09/16/2020","448.00","448.00","448.00","448.00","","-1.10%"
"09/15/2020","453.00","453.00","453.00","453.00","","-0.66%"
"09/14/2020","456.00","456.00","456.00","456.00","","-0.65%"
"09/11/2020","459.00","459.00","459.00","459.00","","2.00%"
"09/10/2020","450.00","450.00","450.00","450.00","","0.67%"
"09/09/2020","447.00","447.00","447.00","447.00","","0.22%"
"09/08/2020","446.00","446.00","446.00","446.00","","0.45%"
"09/07/2020","444.00","444.00","444.00","444.00","","-0.45%"
"09/04/2020","446.00","446.00","446.00","446.00","","-1.33%"
"09/03/2020","452.00","452.00","452.00","452.00","","-1.09%"
"09/02/2020","457.00","457.00","457.00","457.00","","-1.93%"
"09/01/2020","466.00","466.00","466.00","466.00","","-1.69%"
"08/28/2020","474.00","474.00","474.00","474.00","","0.42%"
"08/27/2020","472.00","472.00","472.00","472.00","","-0.21%"
"08/26/2020","473.00","473.00","473.00","473.00","","-0.84%"
"08/25/2020","477.00","477.00","477.00","477.00","","-0.63%"
"08/24/2020","480.00","480.00","480.00","480.00","","-0.62%"
"08/21/2020","483.00","483.00","483.00","483.00","","-1.02%"
"08/20/2020","488.00","488.00","488.00","488.00","","-0.61%"
"08/19/2020","491.00","491.00","491.00","491.00","","0.20%"
"08/18/2020","490.00","490.00","490.00","490.00","","-0.61%"
"08/17/2020","493.00","493.00","493.00","493.00","","-1.00%"
"08/14/2020","498.00","498.00","498.00","498.00","","-0.20%"
"08/13/2020","499.00","499.00","499.00","499.00","","-0.20%"
"08/12/2020","500.00","500.00","500.00","500.00","","0.60%"
"08/11/2020","497.00","497.00","497.00","497.00","","-1.19%"
"08/10/2020","503.00","503.00","503.00","503.00","","-0.79%"
"08/07/2020","507.00","507.00","507.00","507.00","","0.00%"
"08/06/2020","507.00","507.00","507.00","507.00","","-0.39%"
"08/05/2020","509.00","509.00","509.00","509.00","","0.59%"
"08/04/2020","506.00","506.00","506.00","506.00","","0.00%"
"08/03/2020","506.00","506.00","506.00","506.00","","0.00%"
"07/31/2020","506.00","506.00","506.00","506.00","","0.20%"
"07/30/2020","505.00","505.00","505.00","505.00","","-0.20%"
"07/29/2020","506.00","506.00","506.00","506.00","","-1.36%"
"07/28/2020","513.00","513.00","513.00","513.00","","-0.58%"
"07/27/2020","516.00","516.00","516.00","516.00","","-0.77%"
"07/24/2020","520.00","520.00","520.00","520.00","","-1.89%"
"07/23/2020","530.00","530.00","530.00","530.00","","-1.67%"
"07/22/2020","539.00","539.00","539.00","539.00","","-0.37%"
"07/21/2020","541.00","541.00","541.00","541.00","","1.31%"
"07/20/2020","534.00","534.00","534.00","534.00","","2.69%"
"07/17/2020","520.00","520.00","520.00","520.00","","2.16%"
"07/16/2020","509.00","509.00","509.00","509.00","","3.67%"
"07/15/2020","491.00","491.00","491.00","491.00","","-0.20%"
"07/14/2020","492.00","492.00","492.00","492.00","","-1.40%"
"07/13/2020","499.00","499.00","499.00","499.00","","-0.20%"
"07/10/2020","500.00","500.00","500.00","500.00","","0.40%"
"07/09/2020","498.00","498.00","498.00","498.00","","1.22%"
"07/08/2020","492.00","492.00","492.00","492.00","","1.03%"
"07/07/2020","487.00","487.00","487.00","487.00","","0.83%"
"07/06/2020","483.00","483.00","483.00","483.00","","2.55%"
"07/03/2020","471.00","471.00","471.00","471.00","","1.51%"
"07/02/2020","464.00","464.00","464.00","464.00","","0.00%"
"07/01/2020","464.00","464.00","464.00","464.00","","0.43%"
"06/30/2020","462.00","462.00","462.00","462.00","","-0.65%"
"06/29/2020","465.00","465.00","465.00","465.00","","-0.43%"
"06/26/2020","467.00","467.00","467.00","467.00","","0.21%"
"06/25/2020","466.00","466.00","466.00","466.00","","1.53%"
"06/24/2020","459.00","459.00","459.00","459.00","","-2.96%"
"06/23/2020","473.00","473.00","473.00","473.00","","-4.64%"
"06/22/2020","496.00","496.00","496.00","496.00","","-2.55%"
"06/19/2020","509.00","509.00","509.00","509.00","","-0.78%"
"06/18/2020","513.00","513.00","513.00","513.00","","-2.10%"
"06/17/2020","524.00","524.00","524.00","524.00","","-1.13%"
"06/16/2020","530.00","530.00","530.00","530.00","","-2.75%"
"06/15/2020","545.00","545.00","545.00","545.00","","-1.09%"
"06/12/2020","551.00","551.00","551.00","551.00","","-1.43%"
"06/11/2020","559.00","559.00","559.00","559.00","","-2.27%"
"06/10/2020","572.00","572.00","572.00","572.00","","-0.87%"
"06/09/2020","577.00","577.00","577.00","577.00","","-1.20%"
"06/08/2020","584.00","584.00","584.00","584.00","","-1.35%"
"06/05/2020","592.00","592.00","592.00","592.00","","-2.15%"
"06/04/2020","605.00","605.00","605.00","605.00","","-3.66%"
"06/03/2020","628.00","628.00","628.00","628.00","","-3.83%"
"06/02/2020","653.00","653.00","653.00","653.00","","-6.45%"
"06/01/2020","698.00","698.00","698.00","698.00","","-2.10%"
"05/29/2020","713.00","713.00","713.00","713.00","","-0.97%"
"05/28/2020","720.00","720.00","720.00","720.00","","-1.77%"
"05/27/2020","733.00","733.00","733.00","733.00","","2.09%"
"05/26/2020","718.00","718.00","718.00","718.00","","-2.31%"
"05/22/2020","735.00","735.00","735.00","735.00","","-2.78%"
"05/21/2020","756.00","756.00","756.00","756.00","","-4.55%"
"05/20/2020","792.00","792.00","792.00","792.00","","-3.18%"
"05/19/2020","818.00","818.00","818.00","818.00","","-3.42%"
"05/18/2020","847.00","847.00","847.00","847.00","","-0.59%"
"05/15/2020","852.00","852.00","852.00","852.00","","-1.27%"
"05/14/2020","863.00","863.00","863.00","863.00","","-1.03%"
"05/13/2020","872.00","872.00","872.00","872.00","","0.23%"
"05/12/2020","870.00","870.00","870.00","870.00","","0.23%"
"05/11/2020","868.00","868.00","868.00","868.00","","0.58%"
"05/07/2020","863.00","863.00","863.00","863.00","","-2.04%"
"05/06/2020","881.00","881.00","881.00","881.00","","-2.65%"
"05/05/2020","905.00","905.00","905.00","905.00","","-10.84%"
"05/04/2020","1,015.00","1,015.00","1,015.00","1,015.00","","-8.14%"
"05/01/2020","1,105.00","1,105.00","1,105.00","1,105.00","","-10.60%"
"04/30/2020","1,236.00","1,236.00","1,236.00","1,236.00","","-10.89%"
"04/29/2020","1,387.00","1,387.00","1,387.00","1,387.00","","-7.72%"
"04/28/2020","1,503.00","1,503.00","1,503.00","1,503.00","","-2.15%"
"04/27/2020","1,536.00","1,536.00","1,536.00","1,536.00","","-0.90%"
"04/24/2020","1,550.00","1,550.00","1,550.00","1,550.00","","0.85%"
"04/23/2020","1,537.00","1,537.00","1,537.00","1,537.00","","0.79%"
"04/22/2020","1,525.00","1,525.00","1,525.00","1,525.00","","10.75%"
"04/21/2020","1,377.00","1,377.00","1,377.00","1,377.00","","16.50%"
"04/20/2020","1,182.00","1,182.00","1,182.00","1,182.00","","2.43%"
"04/17/2020","1,154.00","1,154.00","1,154.00","1,154.00","","4.72%"
"04/16/2020","1,102.00","1,102.00","1,102.00","1,102.00","","1.66%"
"04/15/2020","1,084.00","1,084.00","1,084.00","1,084.00","","-2.17%"
"04/14/2020","1,108.00","1,108.00","1,108.00","1,108.00","","-0.54%"
"04/09/2020","1,114.00","1,114.00","1,114.00","1,114.00","","4.01%"
"04/08/2020","1,071.00","1,071.00","1,071.00","1,071.00","","-4.55%"
"04/07/2020","1,122.00","1,122.00","1,122.00","1,122.00","","-9.52%"
"04/06/2020","1,240.00","1,240.00","1,240.00","1,240.00","","-10.34%"
"04/03/2020","1,383.00","1,383.00","1,383.00","1,383.00","","-1.36%"
"04/02/2020","1,402.00","1,402.00","1,402.00","1,402.00","","-0.28%"
"04/01/2020","1,406.00","1,406.00","1,406.00","1,406.00","","0.86%"
"03/31/2020","1,394.00","1,394.00","1,394.00","1,394.00","","3.41%"
"03/30/2020","1,348.00","1,348.00","1,348.00","1,348.00","","9.59%"
"03/27/2020","1,230.00","1,230.00","1,230.00","1,230.00","","10.71%"
"03/26/2020","1,111.00","1,111.00","1,111.00","1,111.00","","4.03%"
"03/25/2020","1,068.00","1,068.00","1,068.00","1,068.00","","2.59%"
"03/24/2020","1,041.00","1,041.00","1,041.00","1,041.00","","-5.28%"
"03/23/2020","1,099.00","1,099.00","1,099.00","1,099.00","","-5.75%"
"03/20/2020","1,166.00","1,166.00","1,166.00","1,166.00","","-6.12%"
"03/19/2020","1,242.00","1,242.00","1,242.00","1,242.00","","-9.93%"
"03/18/2020","1,379.00","1,379.00","1,379.00","1,379.00","","-9.04%"
"03/17/2020","1,516.00","1,516.00","1,516.00","1,516.00","","-0.13%"
"03/16/2020","1,518.00","1,518.00","1,518.00","1,518.00","","5.86%"
"03/13/2020","1,434.00","1,434.00","1,434.00","1,434.00","","22.25%"
"03/12/2020","1,173.00","1,173.00","1,173.00","1,173.00","","10.97%"
"03/11/2020","1,057.00","1,057.00","1,057.00","1,057.00","","24.65%"
"03/10/2020","848.00","848.00","848.00","848.00","","9.00%"
"03/09/2020","778.00","778.00","778.00","778.00","","1.83%"
"03/06/2020","764.00","764.00","764.00","764.00","","-3.54%"
"03/05/2020","792.00","792.00","792.00","792.00","","-0.50%"
"03/04/2020","796.00","796.00","796.00","796.00","","0.00%"
"03/03/2020","796.00","796.00","796.00","796.00","","0.00%"
"03/02/2020","796.00","796.00","796.00","796.00","","0.00%"
"02/28/2020","796.00","796.00","796.00","796.00","","-1.24%"
"02/27/2020","806.00","806.00","806.00","806.00","","-1.35%"
"02/26/2020","817.00","817.00","817.00","817.00","","-3.88%"
"02/25/2020","850.00","850.00","850.00","850.00","","-1.39%"
"02/24/2020","862.00","862.00","862.00","862.00","","-0.35%"
"02/21/2020","865.00","865.00","865.00","865.00","","-0.57%"
"02/20/2020","870.00","870.00","870.00","870.00","","-0.23%"
"02/19/2020","872.00","872.00","872.00","872.00","","0.11%"
"02/18/2020","871.00","871.00","871.00","871.00","","0.00%"
"02/17/2020","871.00","871.00","871.00","871.00","","0.69%"
"02/14/2020","865.00","865.00","865.00","865.00","","1.17%"
"02/13/2020","855.00","855.00","855.00","855.00","","0.94%"
"02/12/2020","847.00","847.00","847.00","847.00","","0.83%"
"02/11/2020","840.00","840.00","840.00","840.00","","2.94%"
"02/10/2020","816.00","816.00","816.00","816.00","","1.62%"
"02/07/2020","803.00","803.00","803.00","803.00","","0.88%"
"02/06/2020","796.00","796.00","796.00","796.00","","-0.25%"
"02/05/2020","798.00","798.00","798.00","798.00","","-0.62%"
"02/04/2020","803.00","803.00","803.00","803.00","","-5.53%"
"02/03/2020","850.00","850.00","850.00","850.00","","-3.63%"
"01/31/2020","882.00","882.00","882.00","882.00","","-5.57%"
"01/30/2020","934.00","934.00","934.00","934.00","","-10.71%"
"01/29/2020","1,046.00","1,046.00","1,046.00","1,046.00","","-4.30%"
"01/28/2020","1,093.00","1,093.00","1,093.00","1,093.00","","-5.12%"
"01/27/2020","1,152.00","1,152.00","1,152.00","1,152.00","","-3.19%"
"01/24/2020","1,190.00","1,190.00","1,190.00","1,190.00","","-1.49%"
"01/23/2020","1,208.00","1,208.00","1,208.00","1,208.00","","-2.34%"
"01/22/2020","1,237.00","1,237.00","1,237.00","1,237.00","","0.81%"
"01/21/2020","1,227.00","1,227.00","1,227.00","1,227.00","","0.08%"
"01/20/2020","1,226.00","1,226.00","1,226.00","1,226.00","","-1.21%"
"01/17/2020","1,241.00","1,241.00","1,241.00","1,241.00","","-4.90%"
"01/16/2020","1,305.00","1,305.00","1,305.00","1,305.00","","-2.61%"
"01/15/2020","1,340.00","1,340.00","1,340.00","1,340.00","","-4.01%"
"01/14/2020","1,396.00","1,396.00","1,396.00","1,396.00","","-3.59%"
"01/13/2020","1,448.00","1,448.00","1,448.00","1,448.00","","-1.70%"
"01/10/2020","1,473.00","1,473.00","1,473.00","1,473.00","","-2.32%"
"01/09/2020","1,508.00","1,508.00","1,508.00","1,508.00","","-0.79%"
"01/08/2020","1,520.00","1,520.00","1,520.00","1,520.00","","0.73%"
"01/07/2020","1,509.00","1,509.00","1,509.00","1,509.00","","0.60%"
"01/06/2020","1,500.00","1,500.00","1,500.00","1,500.00","","-1.12%"
"01/03/2020","1,517.00","1,517.00","1,517.00","1,517.00","","0.93%"
"01/02/2020","1,503.00","1,503.00","1,503.00","1,503.00","","-5.89%"